{"type":"FeatureCollection","crs":{"type":"name","properties":{"name":"EPSG:4326"}},"features":[{"type":"Feature","geometry":{"type":"Polygon","coordinates":[[[-48.26965,-15.91141],[-48.26975,-15.9118],[-48.27043,-15.91197],[-48.27046,-15.91219],[-48.26992,-15.91241],[-48.26931,-15.91308],[-48.27007,-15.91362],[-48.27012,-15.91442],[-48.27076,-15.91596],[-48.27009,-15.91627],[-48.27041,-15.91696],[-48.27018,-15.91703],[-48.26982,-15.91672],[-48.26955,-15.91686],[-48.2696,-15.91714],[-48.27004,-15.91765],[-48.27088,-15.91745],[-48.27104,-15.91762],[-48.27077,-15.91887],[-48.27004,-15.91893],[-48.27003,-15.91945],[-48.27088,-15.92005],[-48.27144,-15.91976],[-48.2719,-15.92026],[-48.2731,-15.91995],[-48.2728,-15.92058],[-48.27165,-15.92112],[-48.27213,-15.92222],[-48.27278,-15.92169],[-48.27305,-15.92229],[-48.2742,-15.92245],[-48.2743,-15.92309],[-48.27507,-15.92193],[-48.27563,-15.92248],[-48.27613,-15.92256],[-48.27615,-15.923],[-48.27546,-15.92286],[-48.2753,-15.92333],[-48.27695,-15.92407],[-48.27662,-15.92434],[-48.27558,-15.92422],[-48.27527,-15.92458],[-48.276,-15.9249],[-48.27608,-15.92541],[-48.27568,-15.92565],[-48.27579,-15.92586],[-48.27672,-15.92563],[-48.27665,-15.92633],[-48.27706,-15.92664],[-48.27522,-15.92714],[-48.27464,-15.92785],[-48.2748,-15.92874],[-48.27559,-15.93044],[-48.27638,-15.93113],[-48.27613,-15.93152],[-48.2741,-15.93108],[-48.27127,-15.932],[-48.26978,-15.93171],[-48.26894,-15.93212],[-48.26859,-15.93305],[-48.26835,-15.93316],[-48.26511,-15.93157],[-48.26425,-15.92923],[-48.26422,-15.92842],[-48.26222,-15.92846],[-48.26117,-15.9279],[-48.26069,-15.92805],[-48.26126,-15.92876],[-48.26072,-15.92928],[-48.25919,-15.92922],[-48.25901,-15.92846],[-48.25934,-15.92782],[-48.25892,-15.92745],[-48.25875,-15.92558],[-48.25833,-15.92495],[-48.25846,-15.92477],[-48.25929,-15.9248],[-48.25931,-15.92456],[-48.2588,-15.92429],[-48.25845,-15.92333],[-48.25955,-15.92179],[-48.2592,-15.92072],[-48.25832,-15.92011],[-48.25791,-15.91911],[-48.25824,-15.91825],[-48.2578,-15.91792],[-48.25631,-15.91785],[-48.25631,-15.91712],[-48.25503,-15.91724],[-48.25412,-15.91709],[-48.25371,-15.91677],[-48.25412,-15.91623],[-48.25519,-15.91603],[-48.25489,-15.91514],[-48.25435,-15.91523],[-48.25502,-15.91387],[-48.25485,-15.9132],[-48.25551,-15.91253],[-48.25507,-15.91212],[-48.25486,-15.91147],[-48.25437,-15.91139],[-48.25374,-15.91076],[-48.25353,-15.91095],[-48.25352,-15.91154],[-48.25331,-15.91161],[-48.25248,-15.91058],[-48.25267,-15.90986],[-48.25163,-15.90902],[-48.25091,-15.90907],[-48.25049,-15.90861],[-48.24927,-15.90878],[-48.24867,-15.90854],[-48.24801,-15.90946],[-48.24747,-15.90872],[-48.24686,-15.9093],[-48.24678,-15.90803],[-48.24713,-15.90765],[-48.24715,-15.90708],[-48.24636,-15.90747],[-48.24597,-15.90702],[-48.24429,-15.90633],[-48.24351,-15.90539],[-48.24243,-15.90466],[-48.24158,-15.90487],[-48.24074,-15.90455],[-48.24004,-15.90354],[-48.24033,-15.90273],[-48.23857,-15.90382],[-48.238,-15.90356],[-48.23679,-15.90363],[-48.23585,-15.9027],[-48.23689,-15.90149],[-48.23699,-15.90095],[-48.23642,-15.9],[-48.23721,-15.89936],[-48.2371,-15.89911],[-48.23625,-15.8993],[-48.2356,-15.89991],[-48.23541,-15.89909],[-48.23505,-15.89898],[-48.23478,-15.90042],[-48.23514,-15.90067],[-48.2344,-15.90104],[-48.23417,-15.90058],[-48.23382,-15.90048],[-48.23191,-15.90068],[-48.23166,-15.90158],[-48.23075,-15.9006],[-48.23045,-15.90055],[-48.23025,-15.90087],[-48.23064,-15.9012],[-48.23062,-15.90153],[-48.22941,-15.90178],[-48.22847,-15.90182],[-48.22793,-15.90131],[-48.22798,-15.90105],[-48.22869,-15.9008],[-48.22892,-15.9004],[-48.2288,-15.90018],[-48.22797,-15.90009],[-48.22744,-15.90042],[-48.22648,-15.89986],[-48.22638,-15.90102],[-48.22475,-15.9013],[-48.22453,-15.90067],[-48.22407,-15.90075],[-48.22432,-15.90165],[-48.22483,-15.90224],[-48.22455,-15.9026],[-48.22331,-15.90202],[-48.22324,-15.9009],[-48.22263,-15.90034],[-48.22135,-15.90109],[-48.22067,-15.90089],[-48.22004,-15.89978],[-48.22041,-15.89938],[-48.22046,-15.89878],[-48.21981,-15.89781],[-48.21861,-15.89912],[-48.21815,-15.89808],[-48.21819,-15.89763],[-48.21742,-15.89726],[-48.2169,-15.89743],[-48.21483,-15.89727],[-48.21448,-15.89775],[-48.21394,-15.89727],[-48.21308,-15.89761],[-48.21251,-15.89715],[-48.21264,-15.89649],[-48.212,-15.89556],[-48.21063,-15.89624],[-48.21099,-15.89664],[-48.21024,-15.89697],[-48.20973,-15.89641],[-48.20956,-15.89582],[-48.20838,-15.89566],[-48.20778,-15.89472],[-48.20827,-15.89301],[-48.20719,-15.89327],[-48.2068,-15.89375],[-48.20581,-15.89258],[-48.20603,-15.89185],[-48.20591,-15.89147],[-48.20464,-15.89136],[-48.20389,-15.89212],[-48.20364,-15.89153],[-48.20228,-15.89153],[-48.20243,-15.89051],[-48.20209,-15.88999],[-48.20208,-15.88942],[-48.20128,-15.88916],[-48.20053,-15.88849],[-48.20023,-15.88779],[-48.20069,-15.88733],[-48.20062,-15.8861],[-48.20083,-15.88574],[-48.19992,-15.88485],[-48.20027,-15.88435],[-48.19894,-15.88285],[-48.19863,-15.8828],[-48.1979,-15.88328],[-48.19783,-15.88071],[-48.1969,-15.88013],[-48.19684,-15.87943],[-48.19609,-15.8792],[-48.19669,-15.87854],[-48.19631,-15.87834],[-48.19619,-15.87754],[-48.19578,-15.87769],[-48.19574,-15.8772],[-48.19438,-15.87559],[-48.19481,-15.87548],[-48.19488,-15.87522],[-48.19313,-15.87397],[-48.19343,-15.87358],[-48.19319,-15.87316],[-48.19259,-15.87322],[-48.1922,-15.87247],[-48.19182,-15.87276],[-48.19168,-15.87261],[-48.19179,-15.87232],[-48.19263,-15.87195],[-48.19237,-15.87153],[-48.19171,-15.87132],[-48.19094,-15.87163],[-48.19032,-15.87106],[-48.1895,-15.87111],[-48.18931,-15.87085],[-48.18938,-15.87036],[-48.18872,-15.86986],[-48.18873,-15.86933],[-48.1876,-15.86905],[-48.18589,-15.86741],[-48.18549,-15.86744],[-48.18537,-15.86703],[-48.18462,-15.86634],[-48.18481,-15.86584],[-48.18425,-15.8657],[-48.18346,-15.86448],[-48.18388,-15.86409],[-48.18323,-15.86331],[-48.18338,-15.86271],[-48.18302,-15.86172],[-48.18217,-15.86058],[-48.17802,-15.86211],[-48.17763,-15.86188],[-48.17766,-15.8614],[-48.17824,-15.86083],[-48.17728,-15.85866],[-48.17721,-15.85768],[-48.17683,-15.85725],[-48.17578,-15.85751],[-48.17536,-15.85707],[-48.17549,-15.85643],[-48.17643,-15.85587],[-48.176,-15.85519],[-48.17647,-15.85486],[-48.17635,-15.85398],[-48.17678,-15.8536],[-48.17717,-15.85206],[-48.17676,-15.85149],[-48.1772,-15.85092],[-48.17738,-15.84999],[-48.17778,-15.84958],[-48.17766,-15.84876],[-48.17824,-15.84782],[-48.17978,-15.84677],[-48.18036,-15.84669],[-48.18023,-15.84615],[-48.18143,-15.84572],[-48.18142,-15.84531],[-48.1818,-15.84539],[-48.18167,-15.84575],[-48.18188,-15.84581],[-48.1828,-15.84513],[-48.18321,-15.84573],[-48.18353,-15.84512],[-48.18403,-15.84504],[-48.18427,-15.84436],[-48.18512,-15.845],[-48.18588,-15.84452],[-48.18649,-15.84333],[-48.18607,-15.84236],[-48.18654,-15.84164],[-48.18629,-15.8412],[-48.18688,-15.84036],[-48.1871,-15.83958],[-48.18756,-15.83967],[-48.18768,-15.83929],[-48.18881,-15.83835],[-48.18921,-15.83727],[-48.18999,-15.83642],[-48.18974,-15.83605],[-48.19019,-15.83572],[-48.18907,-15.83482],[-48.18907,-15.83369],[-48.18882,-15.8338],[-48.18861,-15.83351],[-48.18877,-15.83218],[-48.18799,-15.83155],[-48.18815,-15.83075],[-48.18766,-15.83029],[-48.18698,-15.82898],[-48.18673,-15.82776],[-48.18601,-15.82695],[-48.18583,-15.82622],[-48.18499,-15.82555],[-48.18469,-15.82474],[-48.18386,-15.82407],[-48.18407,-15.82328],[-48.18382,-15.82303],[-48.18377,-15.82333],[-48.18344,-15.82323],[-48.18353,-15.82272],[-48.1832,-15.82247],[-48.18322,-15.82205],[-48.18368,-15.82178],[-48.18359,-15.82145],[-48.18396,-15.82142],[-48.18411,-15.8211],[-48.1845,-15.82135],[-48.18429,-15.82049],[-48.18475,-15.82014],[-48.18459,-15.81935],[-48.18517,-15.81792],[-48.18618,-15.81693],[-48.18625,-15.81613],[-48.1867,-15.8159],[-48.1871,-15.81518],[-48.18784,-15.81476],[-48.18895,-15.81481],[-48.19004,-15.81353],[-48.19085,-15.81198],[-48.19118,-15.80967],[-48.19088,-15.80817],[-48.19099,-15.80759],[-48.19008,-15.80687],[-48.19008,-15.80632],[-48.18955,-15.80536],[-48.18967,-15.80515],[-48.1886,-15.80209],[-48.18841,-15.80099],[-48.18858,-15.80041],[-48.18831,-15.7998],[-48.18885,-15.79901],[-48.18856,-15.79801],[-48.18465,-15.79912],[-48.1819,-15.7991],[-48.16394,-15.79396],[-48.15915,-15.8095],[-48.15801,-15.81024],[-48.1559,-15.80963],[-48.15546,-15.81041],[-48.15423,-15.80934],[-48.15101,-15.80844],[-48.14777,-15.80889],[-48.1461,-15.80844],[-48.1459,-15.80911],[-48.14308,-15.8094],[-48.14097,-15.81028],[-48.1368,-15.80908],[-48.13472,-15.81502],[-48.1333,-15.81452],[-48.13267,-15.81615],[-48.13161,-15.81578],[-48.13081,-15.81788],[-48.13184,-15.81825],[-48.13125,-15.81969],[-48.1287,-15.81879],[-48.12671,-15.824],[-48.12593,-15.82374],[-48.12567,-15.82386],[-48.1242,-15.82593],[-48.12377,-15.82836],[-48.12113,-15.82639],[-48.11925,-15.82889],[-48.11801,-15.82816],[-48.11512,-15.83216],[-48.1164,-15.83424],[-48.12263,-15.8387],[-48.12415,-15.83693],[-48.12973,-15.84079],[-48.13051,-15.84176],[-48.13025,-15.84288],[-48.12049,-15.85547],[-48.11341,-15.85042],[-48.11084,-15.85381],[-48.1113,-15.85415],[-48.1099,-15.85653],[-48.1093,-15.8572],[-48.10887,-15.85735],[-48.1079,-15.85907],[-48.10735,-15.85945],[-48.10689,-15.85866],[-48.10591,-15.85812],[-48.10553,-15.85731],[-48.10474,-15.85737],[-48.10367,-15.857],[-48.1027,-15.85736],[-48.10202,-15.85646],[-48.10051,-15.85637],[-48.09965,-15.85578],[-48.09934,-15.85523],[-48.09816,-15.8553],[-48.09703,-15.85459],[-48.09657,-15.85468],[-48.09588,-15.854],[-48.09391,-15.85369],[-48.0932,-15.85322],[-48.0919,-15.8534],[-48.09097,-15.85266],[-48.0898,-15.85264],[-48.08841,-15.85191],[-48.08766,-15.85124],[-48.08998,-15.84684],[-48.0907,-15.84592],[-48.09091,-15.84446],[-48.09068,-15.84148],[-48.09189,-15.84189],[-48.0933,-15.83773],[-48.08787,-15.83587],[-48.09331,-15.82182],[-48.09247,-15.82151],[-48.09402,-15.8168],[-48.09447,-15.81631],[-48.09667,-15.8117],[-48.10145,-15.80531],[-48.10173,-15.80537],[-48.1076,-15.79884],[-48.1086,-15.79955],[-48.11242,-15.79452],[-48.11171,-15.79401],[-48.11102,-15.79401],[-48.10826,-15.79014],[-48.10726,-15.7905],[-48.10706,-15.78981],[-48.1058,-15.78903],[-48.10427,-15.78704],[-48.103,-15.78607],[-48.10291,-15.78331],[-48.10359,-15.78092],[-48.10262,-15.78035],[-48.1028,-15.77955],[-48.10251,-15.77925],[-48.1025,-15.77842],[-48.10303,-15.7779],[-48.10307,-15.77732],[-48.10404,-15.77531],[-48.10508,-15.77529],[-48.10503,-15.77492],[-48.10543,-15.77452],[-48.10553,-15.77401],[-48.10526,-15.7737],[-48.10553,-15.77328],[-48.10612,-15.77305],[-48.10627,-15.77245],[-48.10681,-15.77195],[-48.10765,-15.77172],[-48.10816,-15.772],[-48.10871,-15.77197],[-48.10992,-15.77164],[-48.11048,-15.77106],[-48.11133,-15.77118],[-48.11192,-15.77044],[-48.1142,-15.77147],[-48.11631,-15.77104],[-48.11722,-15.77115],[-48.11882,-15.77073],[-48.12025,-15.77107],[-48.1208,-15.77076],[-48.12103,-15.77002],[-48.12235,-15.76993],[-48.12321,-15.76954],[-48.12373,-15.77001],[-48.1246,-15.76992],[-48.1256,-15.76881],[-48.12579,-15.76911],[-48.1263,-15.76921],[-48.1264,-15.76969],[-48.12693,-15.76984],[-48.12757,-15.76958],[-48.12863,-15.76962],[-48.12989,-15.77085],[-48.13154,-15.77141],[-48.13235,-15.77051],[-48.132,-15.76968],[-48.13388,-15.76968],[-48.13426,-15.76932],[-48.13475,-15.76788],[-48.13559,-15.76783],[-48.13591,-15.7682],[-48.13754,-15.7677],[-48.13823,-15.76817],[-48.14161,-15.76764],[-48.1418,-15.76797],[-48.14221,-15.76791],[-48.14279,-15.76827],[-48.14382,-15.76806],[-48.14527,-15.76882],[-48.14716,-15.76861],[-48.14846,-15.76901],[-48.14916,-15.76867],[-48.14974,-15.7687],[-48.15092,-15.76801],[-48.15199,-15.76814],[-48.15576,-15.76761],[-48.1561,-15.76733],[-48.15712,-15.7675],[-48.15767,-15.76732],[-48.15834,-15.76702],[-48.15798,-15.76628],[-48.15844,-15.76513],[-48.15813,-15.76483],[-48.15814,-15.76441],[-48.15757,-15.76429],[-48.15861,-15.76373],[-48.15827,-15.7633],[-48.15851,-15.76326],[-48.15889,-15.76367],[-48.15922,-15.76301],[-48.15901,-15.76215],[-48.15963,-15.76207],[-48.15951,-15.76172],[-48.15989,-15.76121],[-48.15983,-15.76072],[-48.16084,-15.75999],[-48.16126,-15.75911],[-48.16298,-15.75756],[-48.16336,-15.75682],[-48.16389,-15.75687],[-48.16407,-15.75653],[-48.16474,-15.75659],[-48.1654,-15.75547],[-48.16603,-15.75543],[-48.16673,-15.75472],[-48.16741,-15.75362],[-48.16736,-15.75328],[-48.16987,-15.75241],[-48.17123,-15.75128],[-48.17244,-15.75065],[-48.17394,-15.7509],[-48.17388,-15.75185],[-48.17426,-15.7526],[-48.17466,-15.75286],[-48.17511,-15.75274],[-48.17591,-15.75182],[-48.18092,-15.74863],[-48.18531,-15.74645],[-48.18639,-15.74623],[-48.1888,-15.74666],[-48.18951,-15.74722],[-48.19327,-15.74859],[-48.19675,-15.74944],[-48.20344,-15.75038],[-48.20561,-15.75034],[-48.2067,-15.75505],[-48.21269,-15.76323],[-48.21351,-15.76668],[-48.21609,-15.76886],[-48.2282,-15.77695],[-48.23201,-15.77848],[-48.2324,-15.77939],[-48.23237,-15.77992],[-48.23306,-15.78098],[-48.23239,-15.78305],[-48.23238,-15.78389],[-48.23293,-15.78456],[-48.23389,-15.7845],[-48.2356,-15.785],[-48.2368,-15.7849],[-48.23699,-15.78529],[-48.23753,-15.78555],[-48.23788,-15.78681],[-48.23706,-15.78832],[-48.23692,-15.78923],[-48.23773,-15.7912],[-48.23864,-15.79279],[-48.23924,-15.79339],[-48.23993,-15.79389],[-48.24048,-15.79393],[-48.24056,-15.79276],[-48.24081,-15.79255],[-48.24115,-15.79308],[-48.24104,-15.79599],[-48.24038,-15.79779],[-48.24045,-15.79843],[-48.24132,-15.79949],[-48.2424,-15.79934],[-48.24295,-15.79731],[-48.24398,-15.79731],[-48.24463,-15.79687],[-48.24536,-15.7977],[-48.24624,-15.79704],[-48.24633,-15.79765],[-48.24676,-15.79783],[-48.24593,-15.79934],[-48.24648,-15.80028],[-48.24708,-15.80024],[-48.24671,-15.79954],[-48.24741,-15.79872],[-48.24881,-15.79872],[-48.24907,-15.79965],[-48.24806,-15.80072],[-48.2485,-15.8024],[-48.2492,-15.80218],[-48.24942,-15.80176],[-48.24877,-15.80139],[-48.24877,-15.80089],[-48.249,-15.80067],[-48.24985,-15.8011],[-48.25032,-15.80211],[-48.25148,-15.80198],[-48.25226,-15.80222],[-48.2537,-15.80188],[-48.25505,-15.80208],[-48.2566,-15.80175],[-48.25753,-15.80303],[-48.2591,-15.80289],[-48.2593,-15.80336],[-48.25878,-15.80371],[-48.25877,-15.80406],[-48.25969,-15.804],[-48.26113,-15.8055],[-48.26123,-15.80649],[-48.26202,-15.80648],[-48.26213,-15.80585],[-48.26339,-15.80689],[-48.26369,-15.80659],[-48.26408,-15.80661],[-48.26466,-15.80889],[-48.26518,-15.8087],[-48.2663,-15.80691],[-48.26675,-15.80685],[-48.26684,-15.80735],[-48.26618,-15.80899],[-48.26642,-15.80938],[-48.2668,-15.80946],[-48.2672,-15.80817],[-48.26804,-15.80866],[-48.26823,-15.80987],[-48.26779,-15.81161],[-48.26823,-15.81292],[-48.26983,-15.81194],[-48.27005,-15.81208],[-48.2697,-15.81279],[-48.26993,-15.81349],[-48.27122,-15.8128],[-48.27126,-15.81449],[-48.27176,-15.81541],[-48.27407,-15.81679],[-48.27499,-15.81689],[-48.27552,-15.81769],[-48.27626,-15.81793],[-48.27647,-15.81827],[-48.27642,-15.81921],[-48.27707,-15.81973],[-48.27713,-15.82029],[-48.27834,-15.82198],[-48.28063,-15.82376],[-48.28084,-15.82522],[-48.28053,-15.8257],[-48.28159,-15.82703],[-48.28093,-15.82764],[-48.28087,-15.82797],[-48.28133,-15.82867],[-48.28188,-15.83183],[-48.28251,-15.83336],[-48.28385,-15.83461],[-48.28512,-15.83675],[-48.28464,-15.83784],[-48.28516,-15.84009],[-48.28492,-15.84064],[-48.28374,-15.84138],[-48.28327,-15.84211],[-48.28437,-15.84271],[-48.28528,-15.84281],[-48.28565,-15.84328],[-48.28589,-15.84449],[-48.28485,-15.84497],[-48.2853,-15.84644],[-48.28443,-15.84682],[-48.284,-15.84862],[-48.28412,-15.84975],[-48.28307,-15.85071],[-48.28242,-15.8529],[-48.28266,-15.85363],[-48.28391,-15.85313],[-48.28432,-15.8534],[-48.28406,-15.8542],[-48.28235,-15.85475],[-48.28265,-15.85533],[-48.28353,-15.85563],[-48.28354,-15.85599],[-48.28331,-15.85615],[-48.28271,-15.85582],[-48.2818,-15.85583],[-48.28188,-15.8568],[-48.28161,-15.85747],[-48.28083,-15.85676],[-48.28055,-15.85688],[-48.28031,-15.85821],[-48.28052,-15.85842],[-48.28126,-15.85831],[-48.28154,-15.85849],[-48.28119,-15.85915],[-48.28153,-15.85996],[-48.2811,-15.86005],[-48.28068,-15.86138],[-48.28026,-15.86158],[-48.28003,-15.86144],[-48.28029,-15.86047],[-48.27932,-15.86002],[-48.27915,-15.86025],[-48.27922,-15.861],[-48.27889,-15.8618],[-48.2802,-15.86279],[-48.27907,-15.86337],[-48.27943,-15.86411],[-48.27922,-15.8647],[-48.28043,-15.8659],[-48.28052,-15.86672],[-48.28019,-15.86712],[-48.27913,-15.86727],[-48.28011,-15.8683],[-48.28036,-15.86911],[-48.28003,-15.8692],[-48.27955,-15.86875],[-48.2789,-15.86882],[-48.27814,-15.86856],[-48.27663,-15.86931],[-48.27597,-15.8699],[-48.27587,-15.87043],[-48.27676,-15.87105],[-48.2771,-15.87157],[-48.27805,-15.8715],[-48.2784,-15.87188],[-48.27798,-15.872],[-48.27763,-15.87258],[-48.27711,-15.87582],[-48.27626,-15.87585],[-48.27587,-15.87623],[-48.27525,-15.87622],[-48.27486,-15.87647],[-48.27569,-15.8779],[-48.27547,-15.88066],[-48.2751,-15.88077],[-48.27493,-15.88053],[-48.275,-15.8789],[-48.2746,-15.87876],[-48.27403,-15.87898],[-48.27335,-15.88209],[-48.27267,-15.88273],[-48.27194,-15.88287],[-48.27174,-15.88324],[-48.27167,-15.8841],[-48.27194,-15.88482],[-48.27314,-15.88597],[-48.27326,-15.88722],[-48.27387,-15.88775],[-48.27367,-15.88857],[-48.27406,-15.88935],[-48.27372,-15.89026],[-48.27478,-15.89034],[-48.27528,-15.89061],[-48.27553,-15.89163],[-48.27644,-15.89252],[-48.27543,-15.89369],[-48.27359,-15.89422],[-48.27287,-15.89558],[-48.27308,-15.89574],[-48.27397,-15.89532],[-48.27525,-15.8956],[-48.27554,-15.8957],[-48.27541,-15.89625],[-48.276,-15.89674],[-48.27587,-15.89736],[-48.27417,-15.89764],[-48.27377,-15.89912],[-48.27469,-15.90002],[-48.27581,-15.89917],[-48.27667,-15.89997],[-48.27674,-15.90027],[-48.27627,-15.90053],[-48.27583,-15.90153],[-48.27636,-15.90286],[-48.2762,-15.90307],[-48.27455,-15.903],[-48.27418,-15.90331],[-48.2744,-15.90452],[-48.27482,-15.90523],[-48.27518,-15.90565],[-48.27637,-15.90605],[-48.27725,-15.90741],[-48.27701,-15.90765],[-48.27677,-15.90729],[-48.27625,-15.90712],[-48.27504,-15.90753],[-48.27478,-15.90794],[-48.27484,-15.90897],[-48.27447,-15.90956],[-48.27193,-15.91084],[-48.27085,-15.91074],[-48.27028,-15.91037],[-48.27017,-15.91099],[-48.26965,-15.91141]]]},"properties":{"ra_nome":"CEILÂNDIA","ra_codigo":"RA-IX"}},{"type":"Feature","geometry":{"type":"Polygon","coordinates":[[[-48.1636,-15.79501],[-48.16394,-15.79396],[-48.18253,-15.79918],[-48.18465,-15.79912],[-48.18856,-15.79801],[-48.18885,-15.79901],[-48.18831,-15.7998],[-48.18858,-15.80041],[-48.18841,-15.80099],[-48.1886,-15.80209],[-48.18967,-15.80515],[-48.18955,-15.80536],[-48.19008,-15.80632],[-48.19008,-15.80687],[-48.19099,-15.80759],[-48.19088,-15.80817],[-48.19118,-15.80967],[-48.19085,-15.81198],[-48.19004,-15.81353],[-48.18895,-15.81481],[-48.18784,-15.81476],[-48.1871,-15.81518],[-48.1867,-15.8159],[-48.18625,-15.81613],[-48.18618,-15.81693],[-48.18517,-15.81792],[-48.18459,-15.81935],[-48.18475,-15.82014],[-48.18429,-15.82049],[-48.1845,-15.82135],[-48.18405,-15.82111],[-48.18396,-15.82142],[-48.18354,-15.82152],[-48.18368,-15.82178],[-48.1835,-15.82203],[-48.18322,-15.82205],[-48.18321,-15.82258],[-48.18354,-15.82275],[-48.18338,-15.82316],[-48.18377,-15.82333],[-48.18382,-15.82303],[-48.1841,-15.82339],[-48.18386,-15.82407],[-48.18427,-15.8242],[-48.18499,-15.82555],[-48.18583,-15.82622],[-48.18601,-15.82695],[-48.18678,-15.82785],[-48.1869,-15.82875],[-48.18751,-15.83004],[-48.18813,-15.8307],[-48.18799,-15.83155],[-48.18877,-15.83218],[-48.18861,-15.83351],[-48.18882,-15.8338],[-48.18907,-15.83369],[-48.18907,-15.83482],[-48.19019,-15.83572],[-48.18974,-15.83605],[-48.18999,-15.83642],[-48.18921,-15.83727],[-48.18881,-15.83835],[-48.18768,-15.83929],[-48.18756,-15.83967],[-48.1871,-15.83958],[-48.18688,-15.84036],[-48.18629,-15.8412],[-48.18654,-15.84164],[-48.18606,-15.84227],[-48.18648,-15.84322],[-48.18622,-15.84414],[-48.18518,-15.845],[-48.18427,-15.84436],[-48.18403,-15.84504],[-48.18353,-15.84512],[-48.18321,-15.84573],[-48.1828,-15.84513],[-48.18188,-15.84581],[-48.18167,-15.84575],[-48.1818,-15.84539],[-48.18142,-15.84531],[-48.18143,-15.84572],[-48.18023,-15.84615],[-48.18036,-15.84669],[-48.17978,-15.84677],[-48.17806,-15.848],[-48.17762,-15.84888],[-48.17778,-15.84958],[-48.17738,-15.84999],[-48.1772,-15.85092],[-48.17676,-15.85149],[-48.17717,-15.85206],[-48.17678,-15.8536],[-48.17635,-15.85398],[-48.17654,-15.85433],[-48.17639,-15.85508],[-48.17599,-15.85531],[-48.17643,-15.85587],[-48.17549,-15.85643],[-48.17536,-15.85707],[-48.17421,-15.85563],[-48.17298,-15.85532],[-48.17244,-15.85561],[-48.17206,-15.85553],[-48.17114,-15.85455],[-48.16892,-15.85396],[-48.16886,-15.85301],[-48.16786,-15.85264],[-48.16745,-15.85274],[-48.16687,-15.85332],[-48.16581,-15.853],[-48.165,-15.85318],[-48.1644,-15.85277],[-48.16425,-15.852],[-48.16362,-15.85171],[-48.16251,-15.85275],[-48.16138,-15.85251],[-48.161,-15.85326],[-48.1607,-15.85344],[-48.16031,-15.85328],[-48.15944,-15.85433],[-48.15852,-15.85488],[-48.15519,-15.85452],[-48.15371,-15.8551],[-48.15295,-15.85431],[-48.1509,-15.85418],[-48.14994,-15.85491],[-48.14992,-15.8558],[-48.14826,-15.85593],[-48.14732,-15.85708],[-48.1461,-15.85696],[-48.14524,-15.85862],[-48.14458,-15.85891],[-48.14436,-15.85859],[-48.14413,-15.85864],[-48.14403,-15.85895],[-48.14357,-15.85915],[-48.14334,-15.85981],[-48.14347,-15.8601],[-48.14292,-15.86022],[-48.14238,-15.861],[-48.14051,-15.86163],[-48.13911,-15.86252],[-48.13828,-15.86252],[-48.13753,-15.86295],[-48.13726,-15.86358],[-48.13576,-15.86381],[-48.1353,-15.86434],[-48.13376,-15.86409],[-48.1327,-15.86305],[-48.13241,-15.86307],[-48.13186,-15.86343],[-48.13161,-15.86408],[-48.13105,-15.86454],[-48.13027,-15.86404],[-48.12957,-15.86464],[-48.12885,-15.86477],[-48.12838,-15.86534],[-48.127,-15.86558],[-48.1252,-15.86679],[-48.12464,-15.86748],[-48.1239,-15.86703],[-48.12358,-15.86653],[-48.12236,-15.86612],[-48.12132,-15.86543],[-48.12088,-15.86574],[-48.12075,-15.86639],[-48.12029,-15.86688],[-48.11917,-15.8669],[-48.11875,-15.86728],[-48.11769,-15.86689],[-48.11673,-15.86765],[-48.11549,-15.86736],[-48.11363,-15.86774],[-48.11085,-15.86671],[-48.1095,-15.86367],[-48.10944,-15.86314],[-48.10985,-15.86282],[-48.10984,-15.86226],[-48.10735,-15.85945],[-48.1079,-15.85907],[-48.10887,-15.85735],[-48.1093,-15.8572],[-48.1099,-15.85653],[-48.1113,-15.85415],[-48.11084,-15.85381],[-48.11341,-15.85042],[-48.12049,-15.85547],[-48.13025,-15.84288],[-48.13052,-15.84224],[-48.1304,-15.84143],[-48.12973,-15.84079],[-48.12422,-15.83697],[-48.12395,-15.83698],[-48.12263,-15.8387],[-48.11635,-15.83419],[-48.11512,-15.83216],[-48.11801,-15.82816],[-48.11925,-15.82889],[-48.12113,-15.82639],[-48.12377,-15.82836],[-48.1242,-15.82593],[-48.12567,-15.82386],[-48.12593,-15.82374],[-48.12671,-15.824],[-48.1287,-15.81879],[-48.13125,-15.81969],[-48.13184,-15.81825],[-48.13081,-15.81788],[-48.13161,-15.81578],[-48.13267,-15.81615],[-48.1333,-15.81452],[-48.13472,-15.81502],[-48.1368,-15.80908],[-48.14097,-15.81028],[-48.14308,-15.8094],[-48.1459,-15.80911],[-48.1461,-15.80844],[-48.14777,-15.80889],[-48.15116,-15.80845],[-48.15423,-15.80934],[-48.15546,-15.81041],[-48.1559,-15.80963],[-48.15801,-15.81024],[-48.15915,-15.8095],[-48.1636,-15.79501]]]},"properties":{"ra_nome":"SOL NASCENTE E POR DO SOL","ra_codigo":"RA-XXXII"}},{"type":"Feature","geometry":{"type":"Polygon","coordinates":[[[-47.91701,-15.74019],[-47.91733,-15.74001],[-47.9195,-15.73997],[-47.92116,-15.74262],[-47.92112,-15.74418],[-47.92794,-15.74023],[-47.94234,-15.74791],[-47.949,-15.74775],[-47.96332,-15.74886],[-47.96957,-15.75262],[-47.97275,-15.75584],[-47.97609,-15.76322],[-47.9763,-15.76419],[-47.97583,-15.76604],[-47.97564,-15.77201],[-47.97123,-15.77664],[-47.97734,-15.78209],[-47.97645,-15.78253],[-47.9688,-15.79076],[-47.96609,-15.7938],[-47.9661,-15.7943],[-47.96796,-15.79451],[-47.97032,-15.79549],[-47.97196,-15.79486],[-47.97826,-15.7914],[-47.98187,-15.78974],[-47.98643,-15.78813],[-47.98976,-15.78727],[-47.99211,-15.80608],[-47.9913,-15.80618],[-47.99119,-15.80545],[-47.99038,-15.80439],[-47.98851,-15.80373],[-47.986,-15.80168],[-47.98203,-15.79963],[-47.98136,-15.80093],[-47.98034,-15.80112],[-47.97961,-15.80254],[-47.97183,-15.80375],[-47.97182,-15.80471],[-47.97029,-15.80494],[-47.9707,-15.80755],[-47.9705,-15.80807],[-47.96892,-15.80736],[-47.96682,-15.80736],[-47.9484,-15.81015],[-47.94736,-15.80377],[-47.93856,-15.77739],[-47.93627,-15.77125],[-47.91701,-15.74019]]]},"properties":{"ra_nome":"SIA","ra_codigo":"RA-XXIX"}},{"type":"Feature","geometry":{"type":"Polygon","coordinates":[[[-47.93232,-15.85129],[-47.93172,-15.8485],[-47.93148,-15.8451],[-47.94136,-15.84434],[-47.9533,-15.84058],[-47.95874,-15.87455],[-47.95729,-15.87458],[-47.95523,-15.87376],[-47.95177,-15.87179],[-47.93499,-15.86106],[-47.93232,-15.85129]]]},"properties":{"ra_nome":"CANDANGOLÂNDIA","ra_codigo":"RA-XIX"}},{"type":"Feature","geometry":{"type":"Polygon","coordinates":[[[-48.03837,-15.8744],[-48.04318,-15.87378],[-48.04563,-15.87428],[-48.0547,-15.88021],[-48.05666,-15.88122],[-48.06034,-15.88245],[-48.04305,-15.93634],[-48.04169,-15.93974],[-48.0402,-15.94256],[-48.03822,-15.94543],[-48.02072,-15.96614],[-48.00007,-15.94758],[-48.00185,-15.94574],[-48.0008,-15.94339],[-47.99782,-15.94061],[-47.99678,-15.93907],[-47.99661,-15.93804],[-47.99392,-15.9365],[-47.99307,-15.93527],[-47.99129,-15.93376],[-47.98983,-15.93292],[-47.9891,-15.93274],[-47.98674,-15.93074],[-47.9851,-15.92979],[-47.98445,-15.92891],[-47.98384,-15.92856],[-47.9834,-15.92785],[-47.98382,-15.92635],[-47.98357,-15.92581],[-47.9836,-15.92502],[-47.98551,-15.92491],[-47.98641,-15.92419],[-47.9881,-15.9236],[-47.98941,-15.92241],[-47.99281,-15.92099],[-47.99402,-15.92016],[-47.99731,-15.92055],[-47.99963,-15.92166],[-48.00089,-15.92062],[-47.99969,-15.91824],[-48.00085,-15.91733],[-48.00048,-15.91633],[-48.00281,-15.91297],[-48.00291,-15.91248],[-48.00263,-15.91159],[-48.00419,-15.90957],[-48.00561,-15.90891],[-48.00737,-15.90885],[-48.00926,-15.90736],[-48.00972,-15.90622],[-48.01158,-15.90606],[-48.01204,-15.90556],[-48.01287,-15.90537],[-48.01426,-15.90435],[-48.01454,-15.90384],[-48.01497,-15.90391],[-48.01497,-15.90339],[-48.01539,-15.90344],[-48.01546,-15.90285],[-48.01589,-15.90273],[-48.01637,-15.90216],[-48.01754,-15.90177],[-48.01819,-15.90026],[-48.0189,-15.90012],[-48.02034,-15.89835],[-48.02099,-15.89866],[-48.02135,-15.89744],[-48.02179,-15.89789],[-48.02252,-15.89771],[-48.02364,-15.89537],[-48.02511,-15.89421],[-48.02511,-15.89365],[-48.02582,-15.89304],[-48.02588,-15.89246],[-48.02682,-15.89172],[-48.0275,-15.89046],[-48.03017,-15.88975],[-48.03092,-15.88906],[-48.0324,-15.8883],[-48.03261,-15.88788],[-48.03367,-15.88798],[-48.03408,-15.88749],[-48.03423,-15.88772],[-48.03457,-15.88694],[-48.03488,-15.88683],[-48.03502,-15.88615],[-48.03474,-15.88572],[-48.03519,-15.88528],[-48.03611,-15.88503],[-48.03859,-15.88306],[-48.03926,-15.88329],[-48.04002,-15.88223],[-48.03946,-15.88053],[-48.03985,-15.87696],[-48.03837,-15.8744]]]},"properties":{"ra_nome":"RIACHO FUNDO II","ra_codigo":"RA-XXI"}},{"type":"Feature","geometry":{"type":"MultiPolygon","coordinates":[[[[-47.94559,-15.87434],[-47.93652,-15.86998],[-47.93617,-15.86917],[-47.93657,-15.86831],[-47.93663,-15.86706],[-47.93499,-15.86106],[-47.95177,-15.87179],[-47.95523,-15.87376],[-47.95729,-15.87458],[-47.95874,-15.87455],[-47.9591,-15.87675],[-47.96197,-15.87633],[-47.9623,-15.87847],[-47.96394,-15.87893],[-47.96395,-15.88061],[-47.96865,-15.88062],[-47.96889,-15.88033],[-47.96887,-15.87939],[-47.97079,-15.87938],[-47.97076,-15.8829],[-47.96396,-15.88293],[-47.96104,-15.88226],[-47.96102,-15.88375],[-47.97525,-15.88356],[-47.97652,-15.88318],[-47.97748,-15.88256],[-47.97902,-15.88053],[-47.98102,-15.88095],[-47.9812,-15.8814],[-47.98282,-15.88222],[-47.98392,-15.88179],[-47.98589,-15.88332],[-47.98678,-15.88353],[-47.98751,-15.88441],[-47.98795,-15.88437],[-47.98857,-15.88562],[-47.98891,-15.88708],[-47.98864,-15.88797],[-47.98896,-15.88818],[-47.98866,-15.88847],[-47.98913,-15.88866],[-47.98886,-15.88893],[-47.9885,-15.88875],[-47.98835,-15.889],[-47.98884,-15.88917],[-47.98874,-15.88969],[-47.98906,-15.88971],[-47.98883,-15.89055],[-47.98895,-15.89099],[-47.98858,-15.89137],[-47.98873,-15.89181],[-47.98922,-15.89188],[-47.9887,-15.89237],[-47.98893,-15.89264],[-47.98881,-15.89312],[-47.98922,-15.89385],[-47.98924,-15.89441],[-47.9889,-15.89506],[-47.98877,-15.89623],[-47.98771,-15.89806],[-47.98768,-15.89891],[-47.98718,-15.89896],[-47.9873,-15.89946],[-47.98789,-15.89959],[-47.98772,-15.90008],[-47.98796,-15.90102],[-47.98759,-15.90094],[-47.98751,-15.90139],[-47.98779,-15.90195],[-47.98766,-15.90276],[-47.98711,-15.90361],[-47.98569,-15.90497],[-47.98626,-15.90692],[-47.98437,-15.91001],[-47.98382,-15.91206],[-47.98396,-15.91244],[-47.98368,-15.91269],[-47.98395,-15.91334],[-47.98356,-15.91356],[-47.98395,-15.91382],[-47.98386,-15.9141],[-47.98364,-15.91449],[-47.98333,-15.91442],[-47.98348,-15.91464],[-47.98316,-15.91551],[-47.98195,-15.91704],[-47.98209,-15.91716],[-47.98186,-15.91739],[-47.98208,-15.91761],[-47.98187,-15.91795],[-47.98223,-15.91863],[-47.98184,-15.91902],[-47.98181,-15.91959],[-47.98154,-15.91985],[-47.98189,-15.92072],[-47.98169,-15.92161],[-47.98212,-15.92201],[-47.98226,-15.92304],[-47.9835,-15.92441],[-47.98357,-15.92581],[-47.98382,-15.92635],[-47.9834,-15.92785],[-47.98384,-15.92856],[-47.98445,-15.92891],[-47.9851,-15.92979],[-47.98674,-15.93074],[-47.9891,-15.93274],[-47.98983,-15.93292],[-47.99129,-15.93376],[-47.99307,-15.93527],[-47.99392,-15.9365],[-47.99661,-15.93804],[-47.99678,-15.93907],[-47.99782,-15.94061],[-48.0008,-15.94339],[-48.00185,-15.94574],[-48.00007,-15.94758],[-48.02072,-15.96614],[-48.01597,-15.97154],[-48.01227,-15.97465],[-48.00907,-15.9764],[-48.00674,-15.97729],[-48.00297,-15.97809],[-48.00081,-15.97825],[-47.99662,-15.97796],[-47.97841,-15.97464],[-47.97498,-15.97442],[-47.9711,-15.97465],[-47.9663,-15.97565],[-47.94492,-15.98305],[-47.94114,-15.98377],[-47.93647,-15.98395],[-47.93208,-15.98344],[-47.92796,-15.98231],[-47.88747,-15.96754],[-47.8873,-15.9631],[-47.88771,-15.95881],[-47.88725,-15.95747],[-47.88833,-15.95517],[-47.88881,-15.95315],[-47.88974,-15.95157],[-47.8908,-15.95089],[-47.89206,-15.94893],[-47.89301,-15.94875],[-47.89392,-15.94756],[-47.89462,-15.94733],[-47.89578,-15.94641],[-47.89609,-15.94589],[-47.89603,-15.94539],[-47.89654,-15.94509],[-47.89673,-15.94441],[-47.8963,-15.94317],[-47.89631,-15.94243],[-47.8977,-15.93988],[-47.89827,-15.9377],[-47.89812,-15.93721],[-47.89874,-15.93523],[-47.89941,-15.93479],[-47.89967,-15.9342],[-47.90052,-15.93404],[-47.90065,-15.93331],[-47.90186,-15.93222],[-47.90271,-15.93083],[-47.90274,-15.93024],[-47.90419,-15.9283],[-47.9044,-15.92704],[-47.90558,-15.92552],[-47.90627,-15.92403],[-47.90629,-15.92301],[-47.90683,-15.92228],[-47.90691,-15.92178],[-47.90658,-15.91907],[-47.90669,-15.9184],[-47.90585,-15.91675],[-47.90612,-15.91531],[-47.90685,-15.91525],[-47.90704,-15.91452],[-47.90766,-15.91382],[-47.9079,-15.91305],[-47.90777,-15.91222],[-47.90836,-15.91201],[-47.9088,-15.91123],[-47.90884,-15.91066],[-47.9093,-15.91064],[-47.90922,-15.90991],[-47.90962,-15.90999],[-47.91102,-15.90951],[-47.91207,-15.9096],[-47.9126,-15.90881],[-47.91333,-15.90837],[-47.91238,-15.90756],[-47.91186,-15.90608],[-47.91109,-15.90501],[-47.91125,-15.90468],[-47.91101,-15.90443],[-47.91115,-15.90387],[-47.91093,-15.90371],[-47.91084,-15.901],[-47.91058,-15.90004],[-47.91005,-15.89928],[-47.91009,-15.89893],[-47.90953,-15.89867],[-47.90946,-15.89815],[-47.90835,-15.897],[-47.90884,-15.89634],[-47.90879,-15.89597],[-47.90797,-15.89547],[-47.90737,-15.89468],[-47.90736,-15.89388],[-47.90631,-15.89253],[-47.90661,-15.89181],[-47.90608,-15.89164],[-47.90539,-15.89077],[-47.90612,-15.8894],[-47.90596,-15.88793],[-47.90621,-15.8876],[-47.90602,-15.88699],[-47.90631,-15.88681],[-47.90649,-15.88526],[-47.9058,-15.88465],[-47.90596,-15.88399],[-47.90563,-15.88348],[-47.90604,-15.88266],[-47.90609,-15.88134],[-47.90753,-15.88127],[-47.90789,-15.88171],[-47.90846,-15.88134],[-47.90951,-15.8817],[-47.90984,-15.88219],[-47.91515,-15.88304],[-47.9162,-15.88343],[-47.91949,-15.88339],[-47.92055,-15.88411],[-47.92142,-15.88415],[-47.92191,-15.88452],[-47.92305,-15.88469],[-47.92337,-15.88501],[-47.92378,-15.8849],[-47.92546,-15.88641],[-47.92706,-15.88693],[-47.9289,-15.88863],[-47.93104,-15.88995],[-47.93147,-15.89056],[-47.93323,-15.89122],[-47.93385,-15.89208],[-47.93463,-15.89229],[-47.93516,-15.89303],[-47.9376,-15.89382],[-47.93821,-15.89418],[-47.93866,-15.89501],[-47.94104,-15.89616],[-47.94607,-15.8951],[-47.95187,-15.88452],[-47.95633,-15.88119],[-47.95609,-15.88006],[-47.94898,-15.87601],[-47.94559,-15.87434]]],[[[-48.00061,-15.81795],[-48.00147,-15.8178],[-48.00184,-15.81816],[-48.00244,-15.81814],[-48.0028,-15.81843],[-48.00312,-15.81808],[-48.00383,-15.81912],[-48.01072,-15.82208],[-48.01115,-15.82115],[-48.01366,-15.8222],[-48.00857,-15.83371],[-48.00863,-15.8344],[-48.00816,-15.83468],[-48.00784,-15.83538],[-48.00529,-15.83431],[-48.00363,-15.83806],[-48.01089,-15.84113],[-48.00803,-15.84744],[-48.00764,-15.84728],[-48.00641,-15.85021],[-48.00195,-15.84831],[-48.00103,-15.84695],[-47.99987,-15.84642],[-47.99876,-15.84865],[-48.00064,-15.85042],[-47.998,-15.85303],[-47.99767,-15.85365],[-47.99609,-15.85501],[-47.99646,-15.85537],[-47.99521,-15.8567],[-47.99498,-15.85687],[-47.99456,-15.8566],[-47.99088,-15.86019],[-47.99056,-15.85987],[-47.98796,-15.86242],[-47.98831,-15.86276],[-47.98666,-15.86437],[-47.98654,-15.86478],[-47.99195,-15.86622],[-47.99143,-15.86802],[-47.99183,-15.86847],[-47.99387,-15.869],[-47.99333,-15.8712],[-47.9936,-15.87137],[-47.9921,-15.87651],[-47.98392,-15.87568],[-47.97895,-15.87336],[-47.97714,-15.86894],[-47.97714,-15.86676],[-47.97792,-15.86474],[-47.97745,-15.86433],[-47.97502,-15.86658],[-47.96946,-15.86721],[-47.96918,-15.86486],[-47.96496,-15.86534],[-47.96402,-15.86473],[-47.96368,-15.86485],[-47.96347,-15.86533],[-47.96026,-15.86385],[-47.9606,-15.8634],[-47.96247,-15.86425],[-47.96276,-15.86367],[-47.96328,-15.86341],[-47.96341,-15.86264],[-47.96438,-15.86262],[-47.96526,-15.86214],[-47.96523,-15.86168],[-47.96593,-15.86142],[-47.9663,-15.86159],[-47.96656,-15.86092],[-47.9691,-15.86139],[-47.96976,-15.8613],[-47.97025,-15.86168],[-47.97046,-15.86118],[-47.97074,-15.86111],[-47.97113,-15.86143],[-47.97106,-15.86172],[-47.97175,-15.86164],[-47.97184,-15.86066],[-47.97148,-15.86024],[-47.97203,-15.85991],[-47.97193,-15.85931],[-47.97275,-15.85943],[-47.97311,-15.8588],[-47.97365,-15.85864],[-47.97414,-15.85888],[-47.97471,-15.85867],[-47.9756,-15.85921],[-47.97656,-15.85839],[-47.97711,-15.85841],[-47.97768,-15.85791],[-47.97796,-15.85726],[-47.97774,-15.85695],[-47.97926,-15.85496],[-47.97926,-15.85383],[-47.97957,-15.85343],[-47.97954,-15.853],[-47.98088,-15.85198],[-47.98134,-15.85133],[-47.98159,-15.85037],[-47.98225,-15.85025],[-47.98249,-15.84994],[-47.98265,-15.85019],[-47.98379,-15.8502],[-47.98396,-15.85065],[-47.9843,-15.85068],[-47.98463,-15.84997],[-47.98511,-15.85001],[-47.98479,-15.84948],[-47.98563,-15.84789],[-47.98649,-15.84752],[-47.98701,-15.84755],[-47.98731,-15.84728],[-47.98793,-15.8475],[-47.98817,-15.84723],[-47.98844,-15.84743],[-47.9885,-15.84701],[-47.98965,-15.84625],[-47.98936,-15.84594],[-47.99013,-15.84507],[-47.98945,-15.84451],[-47.98996,-15.84364],[-47.98985,-15.84261],[-47.99023,-15.84264],[-47.98993,-15.84124],[-47.99028,-15.84069],[-47.99057,-15.84077],[-47.99178,-15.83921],[-47.99159,-15.83871],[-47.9918,-15.83832],[-47.99159,-15.83796],[-47.9919,-15.83715],[-47.9925,-15.83704],[-47.99301,-15.83593],[-47.99335,-15.83301],[-47.99362,-15.83257],[-47.99419,-15.83255],[-47.99434,-15.83209],[-47.99481,-15.83216],[-47.99539,-15.83122],[-47.99505,-15.83116],[-47.99536,-15.83084],[-47.99511,-15.83054],[-47.99512,-15.82984],[-47.99557,-15.82955],[-47.99516,-15.82802],[-47.99548,-15.82723],[-47.99637,-15.8267],[-47.99658,-15.82548],[-47.99588,-15.82411],[-47.99598,-15.82362],[-47.99667,-15.82281],[-47.99737,-15.8226],[-47.99804,-15.82194],[-47.99857,-15.82194],[-47.99917,-15.82084],[-48.00012,-15.82029],[-48.00041,-15.81981],[-48.00015,-15.81877],[-48.00032,-15.81814],[-48.00061,-15.81795]]]]},"properties":{"ra_nome":"PARK WAY","ra_codigo":"RA-XXIV"}},{"type":"Feature","geometry":{"type":"Polygon","coordinates":[[[-47.80373,-15.7926],[-47.80422,-15.79235],[-47.80539,-15.79276],[-47.80677,-15.79282],[-47.80735,-15.7932],[-47.80767,-15.79297],[-47.8087,-15.79301],[-47.80981,-15.79375],[-47.8099,-15.79425],[-47.81037,-15.7943],[-47.81033,-15.79493],[-47.80971,-15.79538],[-47.80979,-15.7957],[-47.8122,-15.79742],[-47.81355,-15.79975],[-47.81401,-15.80111],[-47.8153,-15.80296],[-47.81522,-15.80388],[-47.81473,-15.80471],[-47.81336,-15.80586],[-47.81337,-15.8063],[-47.81412,-15.80645],[-47.81699,-15.80569],[-47.81724,-15.8068],[-47.81709,-15.80721],[-47.81756,-15.80788],[-47.81742,-15.80796],[-47.8184,-15.80849],[-47.81888,-15.80902],[-47.8183,-15.80978],[-47.81818,-15.81039],[-47.81855,-15.81341],[-47.81939,-15.81716],[-47.81897,-15.81812],[-47.81828,-15.819],[-47.81721,-15.81981],[-47.81601,-15.82169],[-47.81714,-15.82144],[-47.81699,-15.82132],[-47.81745,-15.82101],[-47.81954,-15.82133],[-47.8199,-15.82163],[-47.81987,-15.8221],[-47.82017,-15.82173],[-47.82123,-15.822],[-47.82289,-15.82403],[-47.8231,-15.8253],[-47.82457,-15.82563],[-47.82714,-15.82783],[-47.82754,-15.82849],[-47.82732,-15.82979],[-47.82678,-15.83078],[-47.82562,-15.83192],[-47.82514,-15.83287],[-47.82568,-15.83294],[-47.82629,-15.8326],[-47.82874,-15.83216],[-47.82929,-15.83243],[-47.82912,-15.83178],[-47.83058,-15.83133],[-47.83148,-15.83078],[-47.83264,-15.83074],[-47.83382,-15.83102],[-47.8342,-15.83134],[-47.83448,-15.83121],[-47.83542,-15.83151],[-47.83615,-15.8319],[-47.83607,-15.83209],[-47.83624,-15.83195],[-47.83713,-15.83251],[-47.83716,-15.83277],[-47.83799,-15.83306],[-47.83792,-15.83326],[-47.83859,-15.83397],[-47.83977,-15.83598],[-47.83996,-15.83683],[-47.84095,-15.8387],[-47.84088,-15.83944],[-47.84132,-15.83942],[-47.8418,-15.83903],[-47.84284,-15.8393],[-47.84377,-15.83907],[-47.84849,-15.84017],[-47.85004,-15.83981],[-47.84989,-15.84036],[-47.85012,-15.83977],[-47.85058,-15.83942],[-47.85152,-15.83941],[-47.85159,-15.83921],[-47.85279,-15.8394],[-47.85314,-15.83978],[-47.85425,-15.84022],[-47.85676,-15.8425],[-47.8581,-15.84418],[-47.86152,-15.84612],[-47.86378,-15.84962],[-47.86379,-15.84996],[-47.86306,-15.85006],[-47.8621,-15.85072],[-47.86028,-15.85076],[-47.85845,-15.8515],[-47.85881,-15.85279],[-47.85881,-15.8538],[-47.859,-15.85319],[-47.85931,-15.85332],[-47.85898,-15.85412],[-47.85959,-15.85309],[-47.86008,-15.85304],[-47.86093,-15.85236],[-47.86368,-15.85201],[-47.86427,-15.85242],[-47.86545,-15.85266],[-47.86617,-15.85231],[-47.8667,-15.85239],[-47.86689,-15.8521],[-47.86754,-15.85265],[-47.86735,-15.85324],[-47.86763,-15.85352],[-47.86931,-15.85385],[-47.86982,-15.85418],[-47.8688,-15.85471],[-47.86874,-15.85587],[-47.86944,-15.85666],[-47.86978,-15.85685],[-47.86993,-15.85659],[-47.87011,-15.85678],[-47.87068,-15.85833],[-47.87187,-15.85901],[-47.87318,-15.85869],[-47.87374,-15.85839],[-47.87344,-15.85784],[-47.87212,-15.85758],[-47.87306,-15.8574],[-47.87365,-15.85783],[-47.87416,-15.85883],[-47.8746,-15.85908],[-47.87446,-15.85957],[-47.87486,-15.85921],[-47.87425,-15.85872],[-47.8741,-15.85821],[-47.87434,-15.85767],[-47.87346,-15.85709],[-47.87303,-15.85623],[-47.87218,-15.85563],[-47.87248,-15.85569],[-47.87096,-15.85488],[-47.87052,-15.85383],[-47.86998,-15.85328],[-47.86909,-15.85294],[-47.86861,-15.85117],[-47.86823,-15.85085],[-47.86819,-15.85006],[-47.86852,-15.84933],[-47.86931,-15.84889],[-47.86987,-15.84807],[-47.86898,-15.84708],[-47.86864,-15.84526],[-47.86692,-15.8424],[-47.86665,-15.84153],[-47.86475,-15.8396],[-47.86251,-15.83667],[-47.86213,-15.83631],[-47.86177,-15.83645],[-47.86191,-15.8359],[-47.86076,-15.83428],[-47.85974,-15.83371],[-47.85845,-15.83199],[-47.85752,-15.83149],[-47.85628,-15.83013],[-47.85491,-15.82951],[-47.85475,-15.8291],[-47.85494,-15.82785],[-47.85547,-15.82733],[-47.85779,-15.82695],[-47.86285,-15.82824],[-47.86442,-15.8283],[-47.86619,-15.82789],[-47.86814,-15.8286],[-47.86974,-15.82984],[-47.87072,-15.82997],[-47.87154,-15.82942],[-47.87192,-15.8283],[-47.87181,-15.82726],[-47.87083,-15.82653],[-47.87188,-15.82455],[-47.87259,-15.82419],[-47.87478,-15.82476],[-47.87685,-15.82462],[-47.87768,-15.82537],[-47.87935,-15.82602],[-47.87976,-15.82747],[-47.88109,-15.8287],[-47.8822,-15.82904],[-47.88263,-15.82889],[-47.88289,-15.82848],[-47.8832,-15.82859],[-47.88339,-15.83001],[-47.88395,-15.83099],[-47.88431,-15.83391],[-47.88471,-15.83515],[-47.88524,-15.83595],[-47.88682,-15.83757],[-47.88974,-15.8393],[-47.89061,-15.84016],[-47.89224,-15.84095],[-47.89368,-15.84118],[-47.89534,-15.84098],[-47.89553,-15.84079],[-47.89806,-15.84067],[-47.89814,-15.84115],[-47.89877,-15.84181],[-47.90369,-15.84461],[-47.90416,-15.84466],[-47.90406,-15.84403],[-47.90568,-15.84519],[-47.90727,-15.84592],[-47.90918,-15.84607],[-47.91132,-15.8467],[-47.91448,-15.84844],[-47.91751,-15.85047],[-47.91978,-15.85159],[-47.92097,-15.85136],[-47.92308,-15.85176],[-47.92356,-15.85134],[-47.9249,-15.85171],[-47.92497,-15.85109],[-47.92535,-15.85084],[-47.92597,-15.85108],[-47.92667,-15.85086],[-47.92763,-15.85136],[-47.92823,-15.85115],[-47.92962,-15.85152],[-47.93053,-15.85119],[-47.93087,-15.85152],[-47.93232,-15.85129],[-47.93663,-15.86706],[-47.93657,-15.86831],[-47.93617,-15.86917],[-47.93652,-15.86998],[-47.94898,-15.87601],[-47.95609,-15.88006],[-47.95633,-15.88119],[-47.95187,-15.88452],[-47.94607,-15.8951],[-47.94104,-15.89616],[-47.93866,-15.89501],[-47.93821,-15.89418],[-47.9376,-15.89382],[-47.93516,-15.89303],[-47.93463,-15.89229],[-47.93385,-15.89208],[-47.93323,-15.89122],[-47.93147,-15.89056],[-47.93104,-15.88995],[-47.9289,-15.88863],[-47.92706,-15.88693],[-47.92546,-15.88641],[-47.92378,-15.8849],[-47.92337,-15.88501],[-47.92305,-15.88469],[-47.92191,-15.88452],[-47.92142,-15.88415],[-47.92055,-15.88411],[-47.91949,-15.88339],[-47.9162,-15.88343],[-47.91515,-15.88304],[-47.90984,-15.88219],[-47.90951,-15.8817],[-47.90846,-15.88134],[-47.90789,-15.88171],[-47.90753,-15.88127],[-47.90609,-15.88134],[-47.90604,-15.88266],[-47.90563,-15.88348],[-47.90596,-15.88399],[-47.9058,-15.88465],[-47.90649,-15.88526],[-47.90631,-15.88681],[-47.90602,-15.88699],[-47.90621,-15.8876],[-47.90596,-15.88793],[-47.90612,-15.8894],[-47.90539,-15.89077],[-47.90608,-15.89164],[-47.90661,-15.89181],[-47.90631,-15.89253],[-47.90736,-15.89388],[-47.90737,-15.89468],[-47.90797,-15.89547],[-47.90879,-15.89597],[-47.90884,-15.89634],[-47.90835,-15.897],[-47.90946,-15.89815],[-47.90953,-15.89867],[-47.91009,-15.89893],[-47.91005,-15.89928],[-47.91058,-15.90004],[-47.91084,-15.901],[-47.91093,-15.90371],[-47.91115,-15.90387],[-47.91101,-15.90443],[-47.91125,-15.90468],[-47.91109,-15.90501],[-47.91186,-15.90608],[-47.91238,-15.90756],[-47.91333,-15.90837],[-47.9126,-15.90881],[-47.91207,-15.9096],[-47.91102,-15.90951],[-47.90962,-15.90999],[-47.90922,-15.90991],[-47.9093,-15.91064],[-47.90884,-15.91066],[-47.90862,-15.91162],[-47.90831,-15.91206],[-47.90777,-15.91222],[-47.90766,-15.91262],[-47.90651,-15.91247],[-47.90645,-15.91217],[-47.90582,-15.91178],[-47.90537,-15.91181],[-47.9053,-15.91159],[-47.90427,-15.91211],[-47.90352,-15.91195],[-47.903,-15.9114],[-47.90262,-15.91152],[-47.90259,-15.9118],[-47.9019,-15.91162],[-47.90172,-15.91124],[-47.90098,-15.91142],[-47.90086,-15.91176],[-47.89848,-15.91213],[-47.897,-15.91165],[-47.89631,-15.91176],[-47.89607,-15.91135],[-47.8948,-15.91145],[-47.89461,-15.91171],[-47.89308,-15.91173],[-47.89074,-15.91146],[-47.88976,-15.91111],[-47.88927,-15.91137],[-47.88848,-15.91132],[-47.88702,-15.91209],[-47.8861,-15.91289],[-47.88466,-15.91343],[-47.8833,-15.91374],[-47.88233,-15.91352],[-47.89367,-15.90067],[-47.8801,-15.88494],[-47.85608,-15.87317],[-47.85698,-15.87124],[-47.85116,-15.86869],[-47.85315,-15.86449],[-47.85393,-15.86415],[-47.85522,-15.86048],[-47.85626,-15.85879],[-47.85561,-15.85854],[-47.85357,-15.85663],[-47.85063,-15.85715],[-47.84292,-15.86161],[-47.84505,-15.86281],[-47.84301,-15.86621],[-47.83074,-15.85929],[-47.82095,-15.86386],[-47.82047,-15.86402],[-47.82011,-15.86351],[-47.81651,-15.85205],[-47.81564,-15.85011],[-47.81394,-15.84746],[-47.8124,-15.84578],[-47.79605,-15.82448],[-47.79417,-15.82115],[-47.79288,-15.81815],[-47.7884,-15.80962],[-47.78657,-15.80557],[-47.78586,-15.80223],[-47.78726,-15.80179],[-47.78826,-15.80084],[-47.78863,-15.79995],[-47.78936,-15.80001],[-47.78926,-15.79911],[-47.78992,-15.79894],[-47.78929,-15.79849],[-47.7896,-15.79808],[-47.78936,-15.79776],[-47.78957,-15.79739],[-47.78922,-15.79707],[-47.78939,-15.79622],[-47.78916,-15.79612],[-47.78942,-15.79581],[-47.79071,-15.79571],[-47.79102,-15.79535],[-47.79135,-15.7957],[-47.79173,-15.79547],[-47.79201,-15.79558],[-47.79209,-15.79617],[-47.79272,-15.79586],[-47.79371,-15.79635],[-47.7946,-15.79591],[-47.79541,-15.79728],[-47.79553,-15.79674],[-47.79591,-15.79662],[-47.79583,-15.79596],[-47.79698,-15.79653],[-47.79688,-15.79613],[-47.79757,-15.79576],[-47.79846,-15.79732],[-47.79873,-15.79703],[-47.79874,-15.79644],[-47.79851,-15.79614],[-47.79905,-15.79544],[-47.79858,-15.79521],[-47.79963,-15.79474],[-47.80077,-15.79472],[-47.80096,-15.79502],[-47.80138,-15.79484],[-47.8013,-15.79415],[-47.80171,-15.79404],[-47.80342,-15.79448],[-47.80369,-15.79412],[-47.80302,-15.79376],[-47.80243,-15.79283],[-47.80354,-15.7928],[-47.80373,-15.7926]]]},"properties":{"ra_nome":"LAGO SUL","ra_codigo":"RA-XVI"}},{"type":"Feature","geometry":{"type":"Polygon","coordinates":[[[-47.87547,-15.69389],[-47.87594,-15.67958],[-47.87843,-15.68295],[-47.90547,-15.69639],[-47.90839,-15.69347],[-47.91026,-15.69373],[-47.91032,-15.6945],[-47.91077,-15.69445],[-47.91094,-15.6948],[-47.9114,-15.69468],[-47.91141,-15.69529],[-47.91315,-15.69592],[-47.91484,-15.69348],[-47.92007,-15.70297],[-47.92182,-15.71041],[-47.92285,-15.7168],[-47.92326,-15.71692],[-47.92314,-15.71799],[-47.92346,-15.71856],[-47.92331,-15.71902],[-47.92263,-15.71945],[-47.9223,-15.72102],[-47.92243,-15.72157],[-47.92161,-15.72224],[-47.92218,-15.72459],[-47.92175,-15.72465],[-47.92153,-15.72529],[-47.92102,-15.72555],[-47.9206,-15.72616],[-47.91998,-15.72599],[-47.91786,-15.72733],[-47.91633,-15.7277],[-47.91622,-15.72802],[-47.91564,-15.72831],[-47.91532,-15.7281],[-47.91423,-15.72828],[-47.91371,-15.72789],[-47.91308,-15.7286],[-47.91231,-15.72866],[-47.91196,-15.72841],[-47.91078,-15.72856],[-47.9102,-15.72816],[-47.90941,-15.72866],[-47.90879,-15.7285],[-47.90858,-15.72865],[-47.90856,-15.72812],[-47.90823,-15.72783],[-47.9076,-15.72793],[-47.90741,-15.72771],[-47.90708,-15.72796],[-47.90621,-15.72745],[-47.90489,-15.72771],[-47.90446,-15.72753],[-47.90438,-15.72722],[-47.90239,-15.72731],[-47.90221,-15.72776],[-47.90138,-15.72787],[-47.90118,-15.72751],[-47.90066,-15.72786],[-47.90012,-15.72769],[-47.9007,-15.72762],[-47.90072,-15.72739],[-47.89994,-15.72754],[-47.89898,-15.72719],[-47.89838,-15.72766],[-47.89784,-15.7275],[-47.89758,-15.72794],[-47.89686,-15.72784],[-47.89634,-15.7284],[-47.89526,-15.72873],[-47.89469,-15.73021],[-47.89407,-15.73005],[-47.89408,-15.72957],[-47.89354,-15.72938],[-47.8919,-15.7298],[-47.88996,-15.72976],[-47.88702,-15.72916],[-47.88666,-15.72944],[-47.8847,-15.72881],[-47.88333,-15.72919],[-47.88193,-15.73009],[-47.88108,-15.73008],[-47.87959,-15.73092],[-47.87921,-15.73165],[-47.87801,-15.73287],[-47.87794,-15.73352],[-47.8765,-15.73528],[-47.87609,-15.737],[-47.87528,-15.7381],[-47.87378,-15.73924],[-47.8737,-15.73967],[-47.87255,-15.74065],[-47.87245,-15.7411],[-47.87028,-15.7421],[-47.86846,-15.74254],[-47.86754,-15.74252],[-47.86546,-15.74347],[-47.86416,-15.74448],[-47.86321,-15.74565],[-47.86307,-15.74679],[-47.8627,-15.74738],[-47.86128,-15.74793],[-47.85953,-15.74786],[-47.85763,-15.74892],[-47.85535,-15.74948],[-47.85322,-15.75043],[-47.852,-15.75107],[-47.85043,-15.75264],[-47.84876,-15.7534],[-47.8465,-15.75483],[-47.84517,-15.75719],[-47.84518,-15.75923],[-47.84484,-15.75994],[-47.8426,-15.76066],[-47.84127,-15.76194],[-47.84053,-15.76334],[-47.8373,-15.76464],[-47.83595,-15.76561],[-47.83547,-15.76646],[-47.83562,-15.76711],[-47.83509,-15.76749],[-47.83461,-15.76883],[-47.83456,-15.77009],[-47.83511,-15.77094],[-47.83488,-15.77178],[-47.83366,-15.77323],[-47.83185,-15.77362],[-47.83169,-15.77317],[-47.83115,-15.77313],[-47.82905,-15.7694],[-47.82835,-15.7658],[-47.82822,-15.76338],[-47.82694,-15.76055],[-47.82728,-15.7591],[-47.8286,-15.75813],[-47.82948,-15.75698],[-47.82993,-15.75539],[-47.82978,-15.75469],[-47.8286,-15.75357],[-47.82862,-15.7533],[-47.82884,-15.75334],[-47.82866,-15.75311],[-47.82854,-15.75333],[-47.82803,-15.75268],[-47.82825,-15.7526],[-47.82752,-15.75162],[-47.82772,-15.75068],[-47.82958,-15.74922],[-47.83398,-15.74646],[-47.83567,-15.74574],[-47.83864,-15.745],[-47.84013,-15.74422],[-47.84105,-15.74336],[-47.8443,-15.73888],[-47.84772,-15.7375],[-47.85005,-15.73507],[-47.85045,-15.735],[-47.8528,-15.73291],[-47.85347,-15.73111],[-47.85518,-15.73098],[-47.85595,-15.73064],[-47.85627,-15.73004],[-47.85621,-15.72933],[-47.8566,-15.72963],[-47.85739,-15.72897],[-47.85765,-15.72907],[-47.85883,-15.72805],[-47.85748,-15.7287],[-47.85709,-15.72855],[-47.85834,-15.72806],[-47.85853,-15.72779],[-47.85758,-15.72824],[-47.85925,-15.72691],[-47.85938,-15.72717],[-47.85968,-15.72703],[-47.86112,-15.72572],[-47.86099,-15.72547],[-47.85937,-15.72708],[-47.86052,-15.72436],[-47.86136,-15.72359],[-47.8624,-15.72349],[-47.8613,-15.72352],[-47.861,-15.72375],[-47.86028,-15.72454],[-47.8594,-15.72663],[-47.8574,-15.72819],[-47.85611,-15.72884],[-47.85742,-15.72772],[-47.85765,-15.72699],[-47.85824,-15.72718],[-47.85933,-15.72647],[-47.85953,-15.7259],[-47.85951,-15.72559],[-47.85877,-15.72521],[-47.85912,-15.72451],[-47.85773,-15.72426],[-47.85731,-15.72451],[-47.85686,-15.72425],[-47.85697,-15.72468],[-47.85548,-15.72597],[-47.85453,-15.72648],[-47.85386,-15.72722],[-47.85396,-15.72739],[-47.85289,-15.72723],[-47.8526,-15.72746],[-47.85219,-15.728],[-47.85218,-15.7289],[-47.85166,-15.72702],[-47.85208,-15.72897],[-47.85177,-15.72814],[-47.85135,-15.72802],[-47.85081,-15.72827],[-47.8509,-15.72854],[-47.84849,-15.72924],[-47.84839,-15.72911],[-47.84783,-15.72966],[-47.84766,-15.72952],[-47.84736,-15.72974],[-47.84724,-15.73074],[-47.847,-15.7308],[-47.84716,-15.73094],[-47.8467,-15.73147],[-47.84608,-15.73332],[-47.84496,-15.73373],[-47.84462,-15.73415],[-47.84446,-15.73403],[-47.84379,-15.73497],[-47.84236,-15.73489],[-47.84077,-15.73513],[-47.83935,-15.73423],[-47.83896,-15.73446],[-47.83844,-15.73422],[-47.83862,-15.73528],[-47.83807,-15.73626],[-47.83698,-15.73659],[-47.83599,-15.73724],[-47.83561,-15.73702],[-47.83671,-15.73883],[-47.83651,-15.73963],[-47.83633,-15.73963],[-47.83638,-15.7402],[-47.83563,-15.74084],[-47.83562,-15.74203],[-47.83505,-15.74204],[-47.83489,-15.74152],[-47.8327,-15.74093],[-47.83211,-15.74151],[-47.83211,-15.74239],[-47.83029,-15.74308],[-47.83029,-15.74373],[-47.82977,-15.74299],[-47.82882,-15.74263],[-47.82803,-15.74323],[-47.828,-15.7437],[-47.82741,-15.74434],[-47.82643,-15.74486],[-47.82587,-15.74464],[-47.82533,-15.74479],[-47.82398,-15.74554],[-47.82313,-15.74717],[-47.82192,-15.74783],[-47.82111,-15.74912],[-47.82115,-15.7495],[-47.82147,-15.74961],[-47.82191,-15.75042],[-47.82209,-15.75122],[-47.82201,-15.7516],[-47.82127,-15.75234],[-47.82051,-15.75267],[-47.81974,-15.75258],[-47.8193,-15.75205],[-47.81763,-15.75128],[-47.81491,-15.75047],[-47.81665,-15.75123],[-47.81642,-15.75143],[-47.81568,-15.75136],[-47.81615,-15.75146],[-47.81746,-15.75384],[-47.81787,-15.75415],[-47.81843,-15.75522],[-47.81862,-15.7552],[-47.81986,-15.7586],[-47.81959,-15.7588],[-47.81954,-15.75946],[-47.81917,-15.76008],[-47.81813,-15.76071],[-47.81799,-15.76058],[-47.81801,-15.76079],[-47.81766,-15.76072],[-47.81758,-15.76104],[-47.81663,-15.76156],[-47.81529,-15.76291],[-47.81366,-15.76367],[-47.81423,-15.76421],[-47.81526,-15.76429],[-47.81525,-15.76451],[-47.81541,-15.76434],[-47.81668,-15.7648],[-47.81727,-15.76475],[-47.81782,-15.76435],[-47.81841,-15.76444],[-47.81886,-15.76509],[-47.81871,-15.76595],[-47.81806,-15.76719],[-47.81795,-15.76853],[-47.81774,-15.76853],[-47.81801,-15.76872],[-47.81771,-15.76863],[-47.81783,-15.76919],[-47.81757,-15.76952],[-47.81722,-15.77132],[-47.81743,-15.77172],[-47.81741,-15.77385],[-47.817,-15.77483],[-47.81592,-15.77551],[-47.81578,-15.77536],[-47.81581,-15.77557],[-47.8139,-15.77671],[-47.81371,-15.77719],[-47.81307,-15.77777],[-47.81289,-15.77767],[-47.81293,-15.77788],[-47.81239,-15.77804],[-47.81167,-15.77881],[-47.81096,-15.77917],[-47.81068,-15.7805],[-47.80996,-15.78177],[-47.80873,-15.78278],[-47.80758,-15.78453],[-47.80638,-15.78539],[-47.80633,-15.78571],[-47.80668,-15.78613],[-47.80651,-15.78644],[-47.80687,-15.7868],[-47.80673,-15.78726],[-47.80497,-15.78841],[-47.80262,-15.7892],[-47.80162,-15.78921],[-47.80147,-15.78903],[-47.80021,-15.78954],[-47.8003,-15.78966],[-47.79926,-15.7903],[-47.79897,-15.79016],[-47.79923,-15.78992],[-47.79915,-15.78971],[-47.79833,-15.7899],[-47.79806,-15.7901],[-47.79813,-15.79054],[-47.79706,-15.79027],[-47.79685,-15.79008],[-47.79697,-15.78988],[-47.79582,-15.78943],[-47.79528,-15.78896],[-47.79544,-15.7888],[-47.79519,-15.78826],[-47.79453,-15.78893],[-47.79464,-15.78957],[-47.79407,-15.78953],[-47.79373,-15.78986],[-47.79428,-15.79073],[-47.79317,-15.79058],[-47.79214,-15.78989],[-47.79137,-15.79023],[-47.79071,-15.79023],[-47.79017,-15.78977],[-47.78949,-15.78847],[-47.78938,-15.79049],[-47.78915,-15.79067],[-47.78879,-15.78891],[-47.78894,-15.78848],[-47.78763,-15.78483],[-47.78711,-15.78239],[-47.78679,-15.78196],[-47.79363,-15.78104],[-47.79571,-15.78138],[-47.79789,-15.78275],[-47.79967,-15.78535],[-47.80075,-15.78643],[-47.80233,-15.78731],[-47.80351,-15.78736],[-47.80471,-15.78648],[-47.80576,-15.78348],[-47.80876,-15.77988],[-47.81274,-15.77352],[-47.81319,-15.77201],[-47.81309,-15.77056],[-47.81269,-15.76946],[-47.80891,-15.76537],[-47.80848,-15.76421],[-47.80887,-15.76304],[-47.81204,-15.75976],[-47.81315,-15.75813],[-47.81187,-15.75743],[-47.81011,-15.75739],[-47.80741,-15.75874],[-47.78983,-15.76148],[-47.7866,-15.76134],[-47.78393,-15.76048],[-47.78421,-15.75976],[-47.78493,-15.75968],[-47.78517,-15.7581],[-47.78588,-15.75804],[-47.78641,-15.75769],[-47.7855,-15.75591],[-47.78469,-15.75595],[-47.78522,-15.75233],[-47.78701,-15.75219],[-47.78629,-15.74943],[-47.79151,-15.74807],[-47.79091,-15.74571],[-47.78399,-15.7432],[-47.79102,-15.72514],[-47.79232,-15.72319],[-47.7939,-15.72186],[-47.83412,-15.69428],[-47.83585,-15.6934],[-47.83831,-15.69289],[-47.84981,-15.69283],[-47.85155,-15.69253],[-47.85808,-15.68922],[-47.8595,-15.68823],[-47.87541,-15.69626],[-47.87547,-15.69389]],[[-47.89142,-15.70737],[-47.89198,-15.70697],[-47.88474,-15.70147],[-47.88155,-15.70483],[-47.87688,-15.70744],[-47.8752,-15.70726],[-47.87231,-15.70798],[-47.87158,-15.70954],[-47.87408,-15.71135],[-47.87374,-15.71226],[-47.87341,-15.71257],[-47.87078,-15.71354],[-47.87051,-15.71461],[-47.87123,-15.71554],[-47.8681,-15.71646],[-47.86968,-15.71951],[-47.87007,-15.719],[-47.87368,-15.7168],[-47.87498,-15.71636],[-47.87507,-15.71602],[-47.87462,-15.71621],[-47.87438,-15.7158],[-47.87505,-15.71529],[-47.87539,-15.7153],[-47.87541,-15.7156],[-47.87602,-15.71524],[-47.87673,-15.71528],[-47.87705,-15.71508],[-47.87719,-15.71449],[-47.87827,-15.71399],[-47.8781,-15.71366],[-47.87835,-15.71295],[-47.87806,-15.71251],[-47.87848,-15.71204],[-47.87894,-15.71183],[-47.87944,-15.7122],[-47.87999,-15.71222],[-47.8799,-15.71193],[-47.8806,-15.71187],[-47.88071,-15.71139],[-47.88119,-15.71164],[-47.8814,-15.71142],[-47.88182,-15.71148],[-47.88419,-15.71059],[-47.88471,-15.70997],[-47.88684,-15.70912],[-47.88809,-15.70897],[-47.88938,-15.70812],[-47.88912,-15.70785],[-47.88946,-15.70772],[-47.88957,-15.70732],[-47.89064,-15.70751],[-47.89142,-15.70737]]]},"properties":{"ra_nome":"LAGO NORTE","ra_codigo":"RA-XVIII"}},{"type":"Feature","geometry":{"type":"Polygon","coordinates":[[[-47.60056,-15.6223],[-47.60238,-15.62255],[-47.60347,-15.62231],[-47.60537,-15.62239],[-47.60744,-15.62292],[-47.60878,-15.62273],[-47.61059,-15.62285],[-47.6115,-15.62254],[-47.61354,-15.62265],[-47.61529,-15.62304],[-47.61699,-15.6229],[-47.6194,-15.62393],[-47.62308,-15.62482],[-47.62442,-15.62561],[-47.62487,-15.62552],[-47.62541,-15.62611],[-47.62671,-15.6265],[-47.62704,-15.62719],[-47.62682,-15.62988],[-47.62841,-15.63088],[-47.63,-15.63076],[-47.63139,-15.63108],[-47.63525,-15.63011],[-47.63688,-15.62994],[-47.63935,-15.62838],[-47.64109,-15.62839],[-47.64148,-15.62843],[-47.64153,-15.62916],[-47.64476,-15.63014],[-47.64793,-15.63078],[-47.65,-15.63242],[-47.65147,-15.63265],[-47.65305,-15.63392],[-47.65609,-15.63522],[-47.65775,-15.63538],[-47.6597,-15.63517],[-47.66476,-15.63292],[-47.66625,-15.63309],[-47.66646,-15.6334],[-47.66695,-15.63348],[-47.66692,-15.63414],[-47.66742,-15.63421],[-47.66672,-15.63444],[-47.66707,-15.63461],[-47.66692,-15.6351],[-47.66765,-15.63521],[-47.66704,-15.63555],[-47.66715,-15.63592],[-47.66749,-15.63583],[-47.66712,-15.6363],[-47.66773,-15.63609],[-47.66756,-15.63657],[-47.66805,-15.63661],[-47.66834,-15.63708],[-47.66807,-15.63717],[-47.66816,-15.63746],[-47.66934,-15.63743],[-47.66946,-15.63765],[-47.66916,-15.63788],[-47.66975,-15.63814],[-47.66958,-15.63851],[-47.6703,-15.63865],[-47.67024,-15.6394],[-47.67065,-15.63963],[-47.67037,-15.64018],[-47.67081,-15.64078],[-47.67043,-15.64134],[-47.67018,-15.64129],[-47.67036,-15.64162],[-47.67002,-15.64181],[-47.67025,-15.64199],[-47.67004,-15.6422],[-47.67086,-15.6428],[-47.67126,-15.64273],[-47.67104,-15.64322],[-47.6718,-15.64355],[-47.67196,-15.64415],[-47.6723,-15.64421],[-47.67242,-15.645],[-47.67197,-15.6451],[-47.67209,-15.64545],[-47.67248,-15.64551],[-47.67224,-15.64568],[-47.67226,-15.6462],[-47.67187,-15.64638],[-47.67367,-15.64804],[-47.67471,-15.64841],[-47.6729,-15.6494],[-47.67112,-15.64973],[-47.66963,-15.64948],[-47.66659,-15.64838],[-47.66131,-15.64818],[-47.66123,-15.65042],[-47.6615,-15.65341],[-47.66208,-15.65642],[-47.66272,-15.66128],[-47.66262,-15.66179],[-47.66481,-15.66241],[-47.66593,-15.66331],[-47.66666,-15.66441],[-47.66697,-15.66536],[-47.6678,-15.66579],[-47.66846,-15.66695],[-47.66966,-15.66764],[-47.67025,-15.66855],[-47.67157,-15.66945],[-47.67067,-15.66997],[-47.67151,-15.67108],[-47.67125,-15.67143],[-47.67064,-15.67138],[-47.67014,-15.6721],[-47.66856,-15.67168],[-47.66802,-15.67245],[-47.66883,-15.67345],[-47.66923,-15.67513],[-47.66878,-15.67498],[-47.66798,-15.6753],[-47.66763,-15.6759],[-47.66675,-15.67588],[-47.66653,-15.67653],[-47.66592,-15.67685],[-47.66545,-15.67677],[-47.66449,-15.67578],[-47.66382,-15.67627],[-47.66274,-15.67582],[-47.66209,-15.67607],[-47.66133,-15.67535],[-47.66053,-15.6756],[-47.65982,-15.67486],[-47.65981,-15.67418],[-47.65954,-15.67379],[-47.65861,-15.67381],[-47.65868,-15.67334],[-47.65841,-15.67307],[-47.65805,-15.67322],[-47.65773,-15.67291],[-47.65776,-15.67218],[-47.65741,-15.6724],[-47.65641,-15.67211],[-47.65637,-15.67253],[-47.65489,-15.67175],[-47.65478,-15.67143],[-47.65532,-15.67074],[-47.65502,-15.67025],[-47.65434,-15.66991],[-47.65368,-15.67012],[-47.6532,-15.66982],[-47.65282,-15.66986],[-47.65247,-15.66872],[-47.65179,-15.66949],[-47.65133,-15.66959],[-47.65104,-15.67045],[-47.65054,-15.67008],[-47.64975,-15.66994],[-47.64907,-15.66919],[-47.64737,-15.66599],[-47.64709,-15.66599],[-47.64706,-15.66697],[-47.64672,-15.66661],[-47.64673,-15.6662],[-47.64634,-15.66611],[-47.64641,-15.6657],[-47.64597,-15.66543],[-47.64596,-15.66516],[-47.64536,-15.66484],[-47.64508,-15.66502],[-47.64494,-15.66451],[-47.64442,-15.66383],[-47.64381,-15.66352],[-47.64372,-15.66314],[-47.64229,-15.6633],[-47.6424,-15.66381],[-47.64052,-15.66357],[-47.6402,-15.66444],[-47.63982,-15.66434],[-47.63947,-15.66385],[-47.63963,-15.66336],[-47.63886,-15.66263],[-47.63879,-15.662],[-47.63662,-15.66078],[-47.63614,-15.65998],[-47.63519,-15.65929],[-47.63422,-15.65798],[-47.63339,-15.65827],[-47.63212,-15.65824],[-47.63082,-15.65793],[-47.63009,-15.65745],[-47.62913,-15.65749],[-47.62873,-15.65728],[-47.62797,-15.6581],[-47.62701,-15.65847],[-47.6251,-15.65759],[-47.62485,-15.65803],[-47.62391,-15.65748],[-47.6215,-15.65817],[-47.62089,-15.65743],[-47.61934,-15.65811],[-47.61829,-15.65772],[-47.61737,-15.65797],[-47.6168,-15.6574],[-47.61645,-15.6577],[-47.61665,-15.65829],[-47.61642,-15.65874],[-47.61589,-15.65894],[-47.61535,-15.65867],[-47.6147,-15.65869],[-47.61318,-15.65941],[-47.61188,-15.65951],[-47.6107,-15.66072],[-47.60813,-15.66004],[-47.60632,-15.66073],[-47.60505,-15.66006],[-47.60385,-15.66058],[-47.60309,-15.65966],[-47.60223,-15.66011],[-47.60121,-15.65998],[-47.60171,-15.65929],[-47.60144,-15.65885],[-47.60213,-15.65852],[-47.62069,-15.65157],[-47.62141,-15.65051],[-47.62144,-15.64877],[-47.6217,-15.64798],[-47.62239,-15.64728],[-47.62334,-15.64699],[-47.62441,-15.64139],[-47.59707,-15.62266],[-47.59733,-15.62246],[-47.598,-15.62261],[-47.60056,-15.6223]]]},"properties":{"ra_nome":"ARAPOANGA","ra_codigo":"RA-XXXIV"}},{"type":"Feature","geometry":{"type":"Polygon","coordinates":[[[-47.95455,-15.84839],[-47.95548,-15.84825],[-47.95647,-15.85448],[-47.96169,-15.85375],[-47.9627,-15.86084],[-47.95965,-15.86295],[-47.95935,-15.86339],[-47.96347,-15.86533],[-47.96368,-15.86485],[-47.96402,-15.86473],[-47.96496,-15.86534],[-47.96918,-15.86486],[-47.96946,-15.86721],[-47.97502,-15.86658],[-47.97745,-15.86433],[-47.97792,-15.86474],[-47.97714,-15.86676],[-47.97714,-15.86894],[-47.97895,-15.87336],[-47.98297,-15.87536],[-47.9845,-15.8758],[-48.00048,-15.87727],[-48.00024,-15.87992],[-47.99602,-15.87977],[-47.99344,-15.87832],[-47.9881,-15.87789],[-47.98635,-15.87746],[-47.9847,-15.87769],[-47.98395,-15.87806],[-47.98216,-15.87788],[-47.98077,-15.87819],[-47.98041,-15.87728],[-47.98017,-15.87726],[-47.97979,-15.87901],[-47.97847,-15.88148],[-47.97748,-15.88256],[-47.97619,-15.88332],[-47.97477,-15.88361],[-47.96102,-15.88375],[-47.96104,-15.88226],[-47.96396,-15.88293],[-47.97076,-15.8829],[-47.97079,-15.87938],[-47.96887,-15.87939],[-47.96889,-15.88033],[-47.96865,-15.88062],[-47.96395,-15.88061],[-47.96394,-15.87893],[-47.9623,-15.87847],[-47.96197,-15.87633],[-47.9591,-15.87675],[-47.95455,-15.84839]]]},"properties":{"ra_nome":"NÚCLEO BANDEIRANTE","ra_codigo":"RA-VIII"}},{"type":"Feature","geometry":{"type":"Polygon","coordinates":[[[-48.00484,-15.81463],[-48.01506,-15.81823],[-48.01765,-15.81937],[-48.0346,-15.8294],[-48.0371,-15.83009],[-48.05033,-15.83186],[-48.0498,-15.83294],[-48.04942,-15.83477],[-48.04889,-15.83579],[-48.0456,-15.83422],[-48.04546,-15.83433],[-48.03685,-15.85052],[-48.0331,-15.84896],[-48.03292,-15.8495],[-48.01666,-15.84282],[-48.0114,-15.84134],[-48.00389,-15.83818],[-48.00363,-15.83806],[-48.00529,-15.83431],[-48.00784,-15.83538],[-48.00816,-15.83468],[-48.00863,-15.8344],[-48.00857,-15.83371],[-48.01366,-15.8222],[-48.01115,-15.82115],[-48.01072,-15.82208],[-48.00383,-15.81912],[-48.00312,-15.81808],[-48.00277,-15.81843],[-48.00244,-15.81814],[-48.00184,-15.81816],[-48.00147,-15.8178],[-48.00117,-15.81796],[-48.00085,-15.8178],[-48.00139,-15.81726],[-48.00435,-15.81564],[-48.00484,-15.81463]]]},"properties":{"ra_nome":"ÁGUAS CLARAS","ra_codigo":"RA-XX"}},{"type":"Feature","geometry":{"type":"Polygon","coordinates":[[[-47.9292,-15.78017],[-47.93346,-15.79254],[-47.93347,-15.79891],[-47.9332,-15.79992],[-47.93241,-15.80116],[-47.93274,-15.80136],[-47.93299,-15.80363],[-47.93754,-15.80648],[-47.94041,-15.80232],[-47.94167,-15.80159],[-47.94618,-15.80015],[-47.94736,-15.80377],[-47.9484,-15.81015],[-47.94099,-15.81106],[-47.93953,-15.81077],[-47.93483,-15.80914],[-47.92748,-15.80631],[-47.91467,-15.79915],[-47.91365,-15.79809],[-47.91299,-15.79613],[-47.91119,-15.79653],[-47.90848,-15.78847],[-47.91442,-15.78643],[-47.91392,-15.78497],[-47.9292,-15.78017]]]},"properties":{"ra_nome":"SUDOESTE/OCTOGONAL","ra_codigo":"RA-XXII"}},{"type":"Feature","geometry":{"type":"Polygon","coordinates":[[[-47.8595,-15.68823],[-47.86085,-15.68729],[-47.88366,-15.6678],[-47.95657,-15.61432],[-48.00176,-15.58005],[-48.0041,-15.5787],[-48.0074,-15.57797],[-48.01073,-15.5783],[-48.01384,-15.57972],[-48.02612,-15.59027],[-48.02916,-15.59344],[-48.04352,-15.6109],[-48.04596,-15.61314],[-48.04862,-15.61475],[-48.07,-15.62456],[-48.07261,-15.62636],[-48.0743,-15.62811],[-48.07594,-15.63069],[-48.07682,-15.63305],[-48.08908,-15.67536],[-48.08971,-15.67894],[-48.08652,-15.72315],[-48.08597,-15.72556],[-48.0848,-15.72821],[-48.08368,-15.72982],[-48.08195,-15.73149],[-48.07802,-15.73414],[-48.07455,-15.73594],[-48.07049,-15.73702],[-48.06312,-15.73817],[-48.06007,-15.73915],[-48.0574,-15.7405],[-48.05403,-15.74301],[-48.05245,-15.74464],[-48.04995,-15.7483],[-48.04762,-15.75371],[-48.01719,-15.75156],[-48.00691,-15.7539],[-48.00434,-15.75491],[-48.00362,-15.75544],[-47.97825,-15.78259],[-47.97783,-15.78252],[-47.97123,-15.77664],[-47.97564,-15.77201],[-47.97583,-15.76604],[-47.9763,-15.76419],[-47.97609,-15.76322],[-47.97275,-15.75584],[-47.96957,-15.75262],[-47.96332,-15.74886],[-47.949,-15.74775],[-47.94234,-15.74791],[-47.92794,-15.74023],[-47.92112,-15.74418],[-47.92116,-15.74262],[-47.9195,-15.73997],[-47.91733,-15.74001],[-47.91701,-15.74019],[-47.93627,-15.77125],[-47.93851,-15.77727],[-47.91392,-15.78497],[-47.91442,-15.78643],[-47.90848,-15.78847],[-47.91119,-15.79653],[-47.91299,-15.79613],[-47.91365,-15.79809],[-47.91467,-15.79915],[-47.92748,-15.80631],[-47.93483,-15.80914],[-47.93953,-15.81077],[-47.94099,-15.81106],[-47.9484,-15.81015],[-47.9533,-15.84058],[-47.94136,-15.84434],[-47.93148,-15.8451],[-47.93172,-15.8485],[-47.9322,-15.85133],[-47.93087,-15.85152],[-47.93053,-15.85119],[-47.92962,-15.85152],[-47.92823,-15.85115],[-47.92763,-15.85136],[-47.92667,-15.85086],[-47.92597,-15.85108],[-47.92535,-15.85084],[-47.92497,-15.85109],[-47.9249,-15.85171],[-47.92356,-15.85134],[-47.92308,-15.85176],[-47.92097,-15.85136],[-47.91989,-15.85161],[-47.91751,-15.85047],[-47.91448,-15.84844],[-47.91132,-15.8467],[-47.90918,-15.84607],[-47.90727,-15.84592],[-47.90568,-15.84519],[-47.90406,-15.84403],[-47.90416,-15.84466],[-47.90369,-15.84461],[-47.89877,-15.84181],[-47.89814,-15.84115],[-47.89806,-15.84067],[-47.89553,-15.84079],[-47.89534,-15.84098],[-47.89368,-15.84118],[-47.89231,-15.84098],[-47.89061,-15.84016],[-47.88974,-15.8393],[-47.88682,-15.83757],[-47.88497,-15.83557],[-47.88431,-15.83391],[-47.88395,-15.83099],[-47.88339,-15.83001],[-47.8832,-15.82859],[-47.88289,-15.82848],[-47.88263,-15.82889],[-47.8822,-15.82904],[-47.88109,-15.8287],[-47.87976,-15.82747],[-47.87935,-15.82602],[-47.87768,-15.82537],[-47.87685,-15.82462],[-47.87478,-15.82476],[-47.87259,-15.82419],[-47.87188,-15.82455],[-47.87083,-15.82653],[-47.87181,-15.82726],[-47.87192,-15.8283],[-47.87154,-15.82942],[-47.87072,-15.82997],[-47.86974,-15.82984],[-47.86814,-15.8286],[-47.86619,-15.82789],[-47.8635,-15.82831],[-47.85779,-15.82695],[-47.85547,-15.82733],[-47.85494,-15.82785],[-47.85475,-15.8291],[-47.85491,-15.82951],[-47.85628,-15.83013],[-47.85752,-15.83149],[-47.85845,-15.83199],[-47.85974,-15.83371],[-47.86076,-15.83428],[-47.86191,-15.8359],[-47.86177,-15.83645],[-47.86213,-15.83631],[-47.86251,-15.83667],[-47.86475,-15.8396],[-47.86665,-15.84153],[-47.86692,-15.8424],[-47.86864,-15.84526],[-47.86898,-15.84708],[-47.86987,-15.84807],[-47.86931,-15.84889],[-47.86852,-15.84933],[-47.86819,-15.85006],[-47.86823,-15.85085],[-47.86861,-15.85117],[-47.86909,-15.85294],[-47.87009,-15.85337],[-47.87096,-15.85488],[-47.87252,-15.85572],[-47.87218,-15.85563],[-47.87305,-15.85625],[-47.87351,-15.85714],[-47.87433,-15.85766],[-47.8741,-15.85821],[-47.87425,-15.85872],[-47.87487,-15.85918],[-47.87451,-15.85957],[-47.8746,-15.85908],[-47.87416,-15.85883],[-47.87365,-15.85783],[-47.87306,-15.8574],[-47.87212,-15.85758],[-47.87344,-15.85784],[-47.87374,-15.85839],[-47.87318,-15.85869],[-47.87187,-15.85901],[-47.87068,-15.85833],[-47.87011,-15.85678],[-47.86993,-15.85659],[-47.86978,-15.85685],[-47.86944,-15.85666],[-47.86874,-15.85587],[-47.8688,-15.85471],[-47.86982,-15.85418],[-47.86931,-15.85385],[-47.86763,-15.85352],[-47.86735,-15.85324],[-47.86754,-15.85265],[-47.86689,-15.8521],[-47.8667,-15.85239],[-47.86617,-15.85231],[-47.86545,-15.85266],[-47.86427,-15.85242],[-47.86368,-15.85201],[-47.86093,-15.85236],[-47.86008,-15.85304],[-47.85959,-15.85309],[-47.85898,-15.85412],[-47.85931,-15.85332],[-47.859,-15.85319],[-47.85881,-15.8538],[-47.85881,-15.85279],[-47.85845,-15.8515],[-47.86028,-15.85076],[-47.8621,-15.85072],[-47.86306,-15.85006],[-47.86379,-15.84996],[-47.86378,-15.84962],[-47.86152,-15.84612],[-47.8581,-15.84418],[-47.855,-15.84071],[-47.85351,-15.83978],[-47.85314,-15.83978],[-47.85279,-15.8394],[-47.85159,-15.83921],[-47.85152,-15.83941],[-47.85058,-15.83942],[-47.85012,-15.83977],[-47.84989,-15.84036],[-47.85004,-15.83981],[-47.84849,-15.84017],[-47.84377,-15.83907],[-47.84284,-15.8393],[-47.8418,-15.83903],[-47.84132,-15.83942],[-47.84088,-15.83944],[-47.84095,-15.8387],[-47.83996,-15.83683],[-47.83977,-15.83598],[-47.83859,-15.83397],[-47.83792,-15.83326],[-47.83799,-15.83306],[-47.83716,-15.83277],[-47.83713,-15.83251],[-47.83624,-15.83195],[-47.83607,-15.83209],[-47.83615,-15.8319],[-47.83542,-15.83151],[-47.83448,-15.83121],[-47.8342,-15.83134],[-47.83382,-15.83102],[-47.83264,-15.83074],[-47.83148,-15.83078],[-47.83058,-15.83133],[-47.82912,-15.83178],[-47.82929,-15.83243],[-47.82874,-15.83216],[-47.82629,-15.8326],[-47.82568,-15.83294],[-47.82514,-15.83287],[-47.82562,-15.83192],[-47.82678,-15.83078],[-47.82732,-15.82979],[-47.82754,-15.82849],[-47.82714,-15.82783],[-47.82457,-15.82563],[-47.8231,-15.8253],[-47.82289,-15.82403],[-47.82123,-15.822],[-47.82017,-15.82173],[-47.81987,-15.8221],[-47.8199,-15.82163],[-47.81954,-15.82133],[-47.81745,-15.82101],[-47.81699,-15.82132],[-47.81714,-15.82144],[-47.81601,-15.82169],[-47.81721,-15.81981],[-47.81828,-15.819],[-47.81897,-15.81812],[-47.81939,-15.81716],[-47.81855,-15.81341],[-47.81818,-15.81039],[-47.8183,-15.80978],[-47.81888,-15.80902],[-47.8184,-15.80849],[-47.81742,-15.80796],[-47.81756,-15.80788],[-47.81709,-15.80721],[-47.81724,-15.8068],[-47.81699,-15.80569],[-47.81412,-15.80645],[-47.81337,-15.8063],[-47.81336,-15.80586],[-47.81473,-15.80471],[-47.81522,-15.80388],[-47.8153,-15.80296],[-47.81401,-15.80111],[-47.81355,-15.79975],[-47.8122,-15.79742],[-47.80979,-15.7957],[-47.80968,-15.79543],[-47.8103,-15.79501],[-47.81039,-15.79434],[-47.8099,-15.79425],[-47.80992,-15.79387],[-47.80921,-15.79319],[-47.80799,-15.79293],[-47.80735,-15.7932],[-47.80677,-15.79282],[-47.80539,-15.79276],[-47.80422,-15.79235],[-47.80354,-15.7928],[-47.80258,-15.79273],[-47.80255,-15.7932],[-47.80369,-15.79412],[-47.80356,-15.79437],[-47.80171,-15.79404],[-47.8013,-15.79415],[-47.80138,-15.79484],[-47.80096,-15.79502],[-47.80077,-15.79472],[-47.79963,-15.79474],[-47.79858,-15.79521],[-47.79905,-15.79544],[-47.79851,-15.79614],[-47.79874,-15.79644],[-47.79873,-15.79703],[-47.79846,-15.79732],[-47.79757,-15.79576],[-47.79688,-15.79613],[-47.79698,-15.79653],[-47.79583,-15.79596],[-47.79591,-15.79662],[-47.79553,-15.79674],[-47.79541,-15.79728],[-47.7946,-15.79591],[-47.79371,-15.79635],[-47.79272,-15.79586],[-47.79209,-15.79617],[-47.79201,-15.79558],[-47.79173,-15.79547],[-47.79135,-15.7957],[-47.79109,-15.79536],[-47.79071,-15.79571],[-47.78953,-15.79576],[-47.78916,-15.79612],[-47.78939,-15.79622],[-47.78925,-15.7972],[-47.78957,-15.79739],[-47.78936,-15.79776],[-47.7896,-15.79808],[-47.78929,-15.79849],[-47.78992,-15.79894],[-47.78926,-15.79911],[-47.78936,-15.80001],[-47.78863,-15.79995],[-47.78826,-15.80084],[-47.78726,-15.80179],[-47.78586,-15.80223],[-47.78392,-15.79786],[-47.78399,-15.79738],[-47.78451,-15.79708],[-47.78442,-15.79621],[-47.78473,-15.79457],[-47.78438,-15.79384],[-47.78481,-15.79348],[-47.78542,-15.79356],[-47.78561,-15.79231],[-47.78546,-15.79173],[-47.78584,-15.79148],[-47.78588,-15.79067],[-47.78666,-15.79041],[-47.78729,-15.79089],[-47.78789,-15.7905],[-47.78741,-15.78967],[-47.78785,-15.78971],[-47.78776,-15.78861],[-47.78915,-15.79067],[-47.78938,-15.79049],[-47.78949,-15.78847],[-47.79017,-15.78977],[-47.79071,-15.79023],[-47.79137,-15.79023],[-47.79214,-15.78989],[-47.79317,-15.79058],[-47.79428,-15.79073],[-47.79373,-15.78986],[-47.79407,-15.78953],[-47.79464,-15.78957],[-47.79453,-15.78893],[-47.79519,-15.78826],[-47.79544,-15.7888],[-47.79528,-15.78896],[-47.79582,-15.78943],[-47.79697,-15.78988],[-47.79685,-15.79008],[-47.79706,-15.79027],[-47.79813,-15.79054],[-47.79806,-15.7901],[-47.79833,-15.7899],[-47.79915,-15.78971],[-47.79923,-15.78992],[-47.79897,-15.79016],[-47.79926,-15.7903],[-47.8003,-15.78966],[-47.80021,-15.78954],[-47.80147,-15.78903],[-47.80162,-15.78921],[-47.80262,-15.7892],[-47.80485,-15.78847],[-47.80673,-15.78726],[-47.80687,-15.7868],[-47.80651,-15.78644],[-47.80668,-15.78613],[-47.80633,-15.78571],[-47.80638,-15.78539],[-47.80758,-15.78453],[-47.80873,-15.78278],[-47.80996,-15.78177],[-47.81068,-15.7805],[-47.81096,-15.77917],[-47.81167,-15.77881],[-47.81239,-15.77804],[-47.81293,-15.77788],[-47.81289,-15.77767],[-47.81307,-15.77777],[-47.81371,-15.77719],[-47.8139,-15.77671],[-47.81581,-15.77557],[-47.81578,-15.77536],[-47.81592,-15.77551],[-47.817,-15.77483],[-47.81741,-15.77385],[-47.81743,-15.77172],[-47.81722,-15.77132],[-47.81757,-15.76952],[-47.81783,-15.76919],[-47.81771,-15.76863],[-47.81801,-15.76872],[-47.81774,-15.76853],[-47.81795,-15.76853],[-47.81806,-15.76719],[-47.81871,-15.76595],[-47.81886,-15.76509],[-47.81841,-15.76444],[-47.81782,-15.76435],[-47.81727,-15.76475],[-47.81668,-15.7648],[-47.81541,-15.76434],[-47.81525,-15.76451],[-47.81526,-15.76429],[-47.81423,-15.76421],[-47.81366,-15.76367],[-47.81529,-15.76291],[-47.81663,-15.76156],[-47.81758,-15.76104],[-47.81766,-15.76072],[-47.81801,-15.76079],[-47.81799,-15.76058],[-47.81813,-15.76071],[-47.81917,-15.76008],[-47.81954,-15.75946],[-47.81959,-15.7588],[-47.81986,-15.7586],[-47.81862,-15.7552],[-47.81843,-15.75522],[-47.81787,-15.75415],[-47.81746,-15.75384],[-47.81615,-15.75146],[-47.81568,-15.75136],[-47.81642,-15.75143],[-47.81665,-15.75123],[-47.81491,-15.75047],[-47.81763,-15.75128],[-47.8193,-15.75205],[-47.81974,-15.75258],[-47.82051,-15.75267],[-47.82127,-15.75234],[-47.82201,-15.7516],[-47.82209,-15.75122],[-47.82191,-15.75042],[-47.82147,-15.74961],[-47.82115,-15.7495],[-47.82111,-15.74912],[-47.82192,-15.74783],[-47.82313,-15.74717],[-47.82398,-15.74554],[-47.82533,-15.74479],[-47.82587,-15.74464],[-47.82643,-15.74486],[-47.82741,-15.74434],[-47.828,-15.7437],[-47.82803,-15.74323],[-47.82882,-15.74263],[-47.82977,-15.74299],[-47.83029,-15.74373],[-47.83029,-15.74308],[-47.83211,-15.74239],[-47.83211,-15.74151],[-47.8327,-15.74093],[-47.83489,-15.74152],[-47.83505,-15.74204],[-47.83562,-15.74203],[-47.83563,-15.74084],[-47.83638,-15.7402],[-47.83633,-15.73963],[-47.83651,-15.73963],[-47.83671,-15.73883],[-47.83561,-15.73702],[-47.83599,-15.73724],[-47.83698,-15.73659],[-47.83807,-15.73626],[-47.83862,-15.73528],[-47.83844,-15.73422],[-47.83896,-15.73446],[-47.83935,-15.73423],[-47.84077,-15.73513],[-47.84236,-15.73489],[-47.84379,-15.73497],[-47.84446,-15.73403],[-47.84462,-15.73415],[-47.84496,-15.73373],[-47.84608,-15.73332],[-47.8467,-15.73147],[-47.84716,-15.73094],[-47.847,-15.7308],[-47.84724,-15.73074],[-47.84736,-15.72974],[-47.84766,-15.72952],[-47.84783,-15.72966],[-47.84839,-15.72911],[-47.84849,-15.72924],[-47.8509,-15.72854],[-47.85081,-15.72827],[-47.85135,-15.72802],[-47.85177,-15.72814],[-47.85208,-15.72897],[-47.85166,-15.72702],[-47.85218,-15.7289],[-47.85219,-15.728],[-47.8526,-15.72746],[-47.85289,-15.72723],[-47.85396,-15.72739],[-47.85386,-15.72722],[-47.85453,-15.72648],[-47.85548,-15.72597],[-47.85697,-15.72468],[-47.85686,-15.72425],[-47.85731,-15.72451],[-47.85773,-15.72426],[-47.85912,-15.72451],[-47.85877,-15.72521],[-47.85951,-15.72559],[-47.85953,-15.7259],[-47.85933,-15.72647],[-47.85824,-15.72718],[-47.85765,-15.72699],[-47.85742,-15.72772],[-47.85611,-15.72884],[-47.8574,-15.72819],[-47.8594,-15.72663],[-47.86028,-15.72454],[-47.861,-15.72375],[-47.8613,-15.72352],[-47.8624,-15.72349],[-47.86136,-15.72359],[-47.86052,-15.72436],[-47.85937,-15.72708],[-47.86099,-15.72547],[-47.86112,-15.72572],[-47.85968,-15.72703],[-47.85938,-15.72717],[-47.85925,-15.72691],[-47.85758,-15.72824],[-47.85853,-15.72779],[-47.85834,-15.72806],[-47.85709,-15.72855],[-47.85748,-15.7287],[-47.85883,-15.72805],[-47.85765,-15.72907],[-47.85739,-15.72897],[-47.8566,-15.72963],[-47.85621,-15.72933],[-47.85627,-15.73004],[-47.85595,-15.73064],[-47.85518,-15.73098],[-47.85347,-15.73111],[-47.8528,-15.73291],[-47.85045,-15.735],[-47.85005,-15.73507],[-47.84772,-15.7375],[-47.8443,-15.73888],[-47.84105,-15.74336],[-47.84013,-15.74422],[-47.83864,-15.745],[-47.83567,-15.74574],[-47.83398,-15.74646],[-47.82958,-15.74922],[-47.82772,-15.75068],[-47.82752,-15.75162],[-47.82825,-15.7526],[-47.82803,-15.75268],[-47.82854,-15.75333],[-47.82866,-15.75311],[-47.82884,-15.75334],[-47.82862,-15.7533],[-47.8286,-15.75357],[-47.82978,-15.75469],[-47.82993,-15.75539],[-47.82948,-15.75698],[-47.8286,-15.75813],[-47.82728,-15.7591],[-47.82694,-15.76055],[-47.82822,-15.76338],[-47.82835,-15.7658],[-47.82905,-15.7694],[-47.83115,-15.77313],[-47.83169,-15.77317],[-47.83185,-15.77362],[-47.83366,-15.77323],[-47.83488,-15.77178],[-47.83511,-15.77094],[-47.83456,-15.77009],[-47.83461,-15.76883],[-47.83509,-15.76749],[-47.83562,-15.76711],[-47.83547,-15.76646],[-47.83595,-15.76561],[-47.8373,-15.76464],[-47.84053,-15.76334],[-47.84127,-15.76194],[-47.8426,-15.76066],[-47.84484,-15.75994],[-47.84518,-15.75923],[-47.84517,-15.75719],[-47.8465,-15.75483],[-47.84876,-15.7534],[-47.85043,-15.75264],[-47.852,-15.75107],[-47.85322,-15.75043],[-47.85535,-15.74948],[-47.85763,-15.74892],[-47.85953,-15.74786],[-47.86128,-15.74793],[-47.8627,-15.74738],[-47.86307,-15.74679],[-47.86321,-15.74565],[-47.86416,-15.74448],[-47.86546,-15.74347],[-47.86754,-15.74252],[-47.86846,-15.74254],[-47.87028,-15.7421],[-47.87245,-15.7411],[-47.87255,-15.74065],[-47.8737,-15.73967],[-47.87378,-15.73924],[-47.87528,-15.7381],[-47.87609,-15.737],[-47.8765,-15.73528],[-47.87794,-15.73352],[-47.87801,-15.73287],[-47.87921,-15.73165],[-47.87959,-15.73092],[-47.88108,-15.73008],[-47.88193,-15.73009],[-47.88333,-15.72919],[-47.8847,-15.72881],[-47.88666,-15.72944],[-47.88702,-15.72916],[-47.88996,-15.72976],[-47.8919,-15.7298],[-47.89354,-15.72938],[-47.89408,-15.72957],[-47.89407,-15.73005],[-47.89469,-15.73021],[-47.89526,-15.72873],[-47.89634,-15.7284],[-47.89686,-15.72784],[-47.89758,-15.72794],[-47.89784,-15.7275],[-47.89838,-15.72766],[-47.89898,-15.72719],[-47.89994,-15.72754],[-47.90072,-15.72739],[-47.9007,-15.72762],[-47.90012,-15.72769],[-47.90066,-15.72786],[-47.90118,-15.72751],[-47.90138,-15.72787],[-47.90221,-15.72776],[-47.90239,-15.72731],[-47.90438,-15.72722],[-47.90446,-15.72753],[-47.90489,-15.72771],[-47.90621,-15.72745],[-47.90708,-15.72796],[-47.90741,-15.72771],[-47.9076,-15.72793],[-47.90823,-15.72783],[-47.90856,-15.72812],[-47.90858,-15.72865],[-47.90879,-15.7285],[-47.90941,-15.72866],[-47.9102,-15.72816],[-47.91078,-15.72856],[-47.91196,-15.72841],[-47.91231,-15.72866],[-47.91308,-15.7286],[-47.91371,-15.72789],[-47.91423,-15.72828],[-47.91532,-15.7281],[-47.91564,-15.72831],[-47.91622,-15.72802],[-47.91633,-15.7277],[-47.91786,-15.72733],[-47.91998,-15.72599],[-47.9206,-15.72616],[-47.92102,-15.72555],[-47.92153,-15.72529],[-47.92175,-15.72465],[-47.92218,-15.72459],[-47.92161,-15.72224],[-47.92243,-15.72157],[-47.9223,-15.72102],[-47.92263,-15.71945],[-47.92331,-15.71902],[-47.92346,-15.71856],[-47.92314,-15.71799],[-47.92326,-15.71692],[-47.92285,-15.7168],[-47.92182,-15.71041],[-47.92007,-15.70297],[-47.91484,-15.69348],[-47.91315,-15.69592],[-47.91141,-15.69529],[-47.9114,-15.69468],[-47.91094,-15.6948],[-47.91077,-15.69445],[-47.91032,-15.6945],[-47.91026,-15.69373],[-47.90839,-15.69347],[-47.90547,-15.69639],[-47.87843,-15.68295],[-47.87594,-15.67958],[-47.87541,-15.69626],[-47.8595,-15.68823]]]},"properties":{"ra_nome":"PLANO PILOTO","ra_codigo":"RA-I"}},{"type":"Feature","geometry":{"type":"Polygon","coordinates":[[[-47.76379,-15.52734],[-47.76551,-15.5276],[-47.76843,-15.52663],[-47.7698,-15.52657],[-47.77086,-15.52692],[-47.77316,-15.52853],[-47.77467,-15.52924],[-47.77588,-15.52953],[-47.77764,-15.52954],[-47.78097,-15.52873],[-47.79114,-15.52446],[-47.79267,-15.52435],[-47.80353,-15.52562],[-47.80533,-15.52529],[-47.81,-15.52369],[-47.8131,-15.5234],[-47.81501,-15.52378],[-47.83027,-15.52985],[-47.83477,-15.5303],[-47.83544,-15.53077],[-47.83582,-15.5314],[-47.83657,-15.54059],[-47.8364,-15.54269],[-47.83537,-15.54768],[-47.83541,-15.54871],[-47.83595,-15.55016],[-47.84109,-15.55717],[-47.84061,-15.55784],[-47.84084,-15.55989],[-47.84029,-15.56131],[-47.83952,-15.56159],[-47.83954,-15.56198],[-47.83899,-15.56218],[-47.83887,-15.56346],[-47.83924,-15.56491],[-47.83989,-15.56514],[-47.84023,-15.5657],[-47.84085,-15.56562],[-47.84103,-15.56597],[-47.84087,-15.56659],[-47.84118,-15.56682],[-47.84049,-15.56715],[-47.84004,-15.56779],[-47.83981,-15.56893],[-47.83914,-15.56893],[-47.83927,-15.57095],[-47.83954,-15.57157],[-47.83991,-15.57131],[-47.84028,-15.57177],[-47.84156,-15.57212],[-47.84162,-15.57251],[-47.84288,-15.5725],[-47.84303,-15.57307],[-47.84354,-15.573],[-47.84383,-15.5733],[-47.84374,-15.5746],[-47.84255,-15.57688],[-47.8435,-15.57863],[-47.84295,-15.57989],[-47.84319,-15.58062],[-47.84306,-15.58113],[-47.84347,-15.58118],[-47.84395,-15.58171],[-47.8436,-15.58289],[-47.84422,-15.58357],[-47.84394,-15.58438],[-47.84402,-15.58643],[-47.8438,-15.58737],[-47.84344,-15.58773],[-47.84233,-15.58842],[-47.84097,-15.5886],[-47.84095,-15.58901],[-47.84228,-15.5894],[-47.84304,-15.59013],[-47.84191,-15.59098],[-47.83736,-15.59293],[-47.83677,-15.59349],[-47.83582,-15.59835],[-47.8342,-15.59956],[-47.83395,-15.60261],[-47.83007,-15.60296],[-47.82946,-15.60408],[-47.82876,-15.6047],[-47.82016,-15.61106],[-47.81958,-15.61207],[-47.81846,-15.61571],[-47.81576,-15.62078],[-47.81595,-15.62141],[-47.81666,-15.62178],[-47.8192,-15.62148],[-47.82105,-15.62177],[-47.82229,-15.62234],[-47.82364,-15.62354],[-47.82443,-15.62487],[-47.8248,-15.62624],[-47.82466,-15.63067],[-47.82425,-15.63224],[-47.82287,-15.63459],[-47.8209,-15.63991],[-47.82024,-15.64097],[-47.81966,-15.64132],[-47.81226,-15.64343],[-47.81184,-15.64409],[-47.81191,-15.64469],[-47.8127,-15.64528],[-47.81284,-15.64625],[-47.8139,-15.64721],[-47.81597,-15.64981],[-47.81649,-15.65257],[-47.81744,-15.65376],[-47.81718,-15.6545],[-47.81633,-15.65559],[-47.81636,-15.656],[-47.8155,-15.65676],[-47.81546,-15.65736],[-47.81458,-15.65743],[-47.81338,-15.65929],[-47.8128,-15.65972],[-47.8129,-15.66047],[-47.81232,-15.66113],[-47.81254,-15.66213],[-47.81231,-15.66292],[-47.81061,-15.66421],[-47.80904,-15.66636],[-47.81259,-15.66804],[-47.82661,-15.67763],[-47.82889,-15.67889],[-47.85478,-15.68722],[-47.8595,-15.68823],[-47.85808,-15.68922],[-47.85155,-15.69253],[-47.84981,-15.69283],[-47.83757,-15.69297],[-47.83585,-15.6934],[-47.83412,-15.69428],[-47.7939,-15.72186],[-47.79269,-15.72282],[-47.79153,-15.72421],[-47.79007,-15.72751],[-47.78162,-15.72444],[-47.78135,-15.72397],[-47.77667,-15.72451],[-47.77413,-15.72408],[-47.7719,-15.72314],[-47.76987,-15.72164],[-47.76187,-15.71325],[-47.76167,-15.71417],[-47.76039,-15.71487],[-47.75956,-15.715],[-47.75916,-15.71578],[-47.75747,-15.71759],[-47.75706,-15.71771],[-47.75646,-15.7175],[-47.75582,-15.7181],[-47.75427,-15.71807],[-47.75311,-15.719],[-47.75208,-15.71947],[-47.75188,-15.71985],[-47.75114,-15.7202],[-47.75101,-15.72095],[-47.75008,-15.72183],[-47.74808,-15.72296],[-47.74815,-15.72353],[-47.74794,-15.72384],[-47.74561,-15.72401],[-47.74441,-15.72451],[-47.7444,-15.72532],[-47.74373,-15.72565],[-47.7435,-15.72669],[-47.74258,-15.72765],[-47.74182,-15.72749],[-47.74067,-15.72792],[-47.73822,-15.7277],[-47.73754,-15.72802],[-47.73686,-15.72788],[-47.7354,-15.72674],[-47.73435,-15.72681],[-47.7332,-15.72625],[-47.73287,-15.7266],[-47.73251,-15.72641],[-47.73188,-15.72679],[-47.73077,-15.72695],[-47.72924,-15.72835],[-47.72867,-15.72781],[-47.7277,-15.72787],[-47.72615,-15.72706],[-47.72552,-15.72719],[-47.72541,-15.72681],[-47.72381,-15.7266],[-47.72291,-15.72686],[-47.72112,-15.72653],[-47.71951,-15.72531],[-47.71868,-15.72559],[-47.71797,-15.72703],[-47.7167,-15.72708],[-47.71539,-15.72772],[-47.71464,-15.72763],[-47.71447,-15.72805],[-47.71409,-15.72798],[-47.71334,-15.72833],[-47.71245,-15.72777],[-47.71107,-15.72747],[-47.71021,-15.7266],[-47.70991,-15.72668],[-47.70928,-15.72757],[-47.70767,-15.72693],[-47.70508,-15.72709],[-47.70428,-15.72682],[-47.70387,-15.72627],[-47.70315,-15.72653],[-47.70303,-15.7273],[-47.70259,-15.72768],[-47.70281,-15.72802],[-47.70265,-15.72833],[-47.70179,-15.7284],[-47.70105,-15.72832],[-47.70089,-15.72737],[-47.70001,-15.72756],[-47.69875,-15.7271],[-47.69837,-15.72737],[-47.69627,-15.72689],[-47.69525,-15.72618],[-47.693,-15.72585],[-47.69233,-15.72619],[-47.69179,-15.72613],[-47.69145,-15.72651],[-47.69064,-15.72632],[-47.68948,-15.72695],[-47.68928,-15.72745],[-47.6887,-15.72782],[-47.68844,-15.7286],[-47.68794,-15.72869],[-47.68752,-15.72937],[-47.68693,-15.72942],[-47.68667,-15.72976],[-47.68513,-15.73041],[-47.68489,-15.7311],[-47.68352,-15.73117],[-47.68307,-15.73153],[-47.68293,-15.73215],[-47.68178,-15.73212],[-47.6815,-15.73282],[-47.68052,-15.73379],[-47.67992,-15.734],[-47.67889,-15.73391],[-47.67828,-15.73268],[-47.6779,-15.73262],[-47.6772,-15.73192],[-47.67697,-15.73192],[-47.67686,-15.73246],[-47.67628,-15.73261],[-47.67543,-15.73171],[-47.67475,-15.7314],[-47.67463,-15.73107],[-47.67547,-15.73046],[-47.67368,-15.72936],[-47.67366,-15.72873],[-47.67394,-15.72828],[-47.67454,-15.72797],[-47.67459,-15.72758],[-47.6754,-15.72765],[-47.67564,-15.72678],[-47.67657,-15.72628],[-47.67675,-15.7254],[-47.67618,-15.7249],[-47.67611,-15.72364],[-47.67455,-15.72306],[-47.67461,-15.72235],[-47.67389,-15.72206],[-47.67571,-15.72212],[-47.67619,-15.72271],[-47.67662,-15.72255],[-47.67639,-15.72219],[-47.67663,-15.72154],[-47.6765,-15.72127],[-47.67577,-15.72111],[-47.67507,-15.72061],[-47.67536,-15.71978],[-47.6762,-15.71923],[-47.67579,-15.71843],[-47.67571,-15.7175],[-47.6755,-15.71733],[-47.67503,-15.7176],[-47.67469,-15.71709],[-47.67418,-15.71736],[-47.67386,-15.71725],[-47.67379,-15.7165],[-47.67411,-15.71644],[-47.67458,-15.71588],[-47.67508,-15.71587],[-47.67528,-15.7151],[-47.67582,-15.71465],[-47.67589,-15.71407],[-47.67564,-15.71306],[-47.67495,-15.71257],[-47.67437,-15.71152],[-47.67286,-15.71069],[-47.67338,-15.71038],[-47.67317,-15.70984],[-47.67338,-15.70935],[-47.6742,-15.70892],[-47.67416,-15.70979],[-47.67456,-15.70993],[-47.67471,-15.70884],[-47.67542,-15.70867],[-47.67582,-15.70816],[-47.6758,-15.70774],[-47.6766,-15.70709],[-47.6781,-15.70725],[-47.67846,-15.70702],[-47.67875,-15.70636],[-47.67959,-15.70602],[-47.67979,-15.70563],[-47.68018,-15.70571],[-47.68021,-15.70525],[-47.68052,-15.70541],[-47.68065,-15.70519],[-47.68182,-15.7051],[-47.68199,-15.70466],[-47.68354,-15.70441],[-47.68415,-15.70375],[-47.68537,-15.70341],[-47.68833,-15.70339],[-47.68992,-15.70308],[-47.69121,-15.70196],[-47.69173,-15.7018],[-47.69224,-15.70198],[-47.69245,-15.70177],[-47.69268,-15.70195],[-47.69268,-15.70126],[-47.69355,-15.70131],[-47.69391,-15.70093],[-47.69506,-15.70076],[-47.69635,-15.69966],[-47.69712,-15.69943],[-47.69751,-15.69955],[-47.69784,-15.69926],[-47.70138,-15.69919],[-47.70327,-15.70023],[-47.7043,-15.70042],[-47.70488,-15.69986],[-47.70592,-15.7001],[-47.70817,-15.70001],[-47.70948,-15.70034],[-47.71328,-15.69915],[-47.7149,-15.69824],[-47.71566,-15.69848],[-47.71604,-15.69805],[-47.71651,-15.698],[-47.71681,-15.69732],[-47.71879,-15.69783],[-47.72175,-15.69689],[-47.7239,-15.69717],[-47.72922,-15.69865],[-47.73017,-15.69843],[-47.73138,-15.6985],[-47.7314,-15.69798],[-47.73272,-15.69774],[-47.73378,-15.69664],[-47.73498,-15.69586],[-47.73588,-15.69437],[-47.73711,-15.69327],[-47.73849,-15.69249],[-47.73871,-15.69197],[-47.73953,-15.69168],[-47.74127,-15.68914],[-47.74205,-15.68893],[-47.74252,-15.68833],[-47.74318,-15.68818],[-47.74379,-15.6874],[-47.74627,-15.68627],[-47.74662,-15.68575],[-47.74641,-15.6852],[-47.7471,-15.68297],[-47.74677,-15.68136],[-47.74686,-15.68073],[-47.74655,-15.68051],[-47.74603,-15.67933],[-47.74557,-15.67776],[-47.74435,-15.67622],[-47.74357,-15.67631],[-47.74213,-15.67527],[-47.74093,-15.67545],[-47.74076,-15.675],[-47.7402,-15.67469],[-47.7443,-15.67143],[-47.73788,-15.6646],[-47.75232,-15.64026],[-47.75301,-15.63961],[-47.75977,-15.62492],[-47.75947,-15.62105],[-47.76061,-15.61737],[-47.76279,-15.61573],[-47.76841,-15.6124],[-47.77346,-15.60899],[-47.77449,-15.60806],[-47.77491,-15.60696],[-47.78118,-15.60081],[-47.78049,-15.59336],[-47.7729,-15.59401],[-47.76561,-15.59239],[-47.76323,-15.59141],[-47.76455,-15.58976],[-47.76753,-15.5899],[-47.76887,-15.58958],[-47.76917,-15.58881],[-47.76704,-15.58804],[-47.76548,-15.58799],[-47.76461,-15.58763],[-47.76466,-15.58711],[-47.76522,-15.58664],[-47.76579,-15.58554],[-47.76608,-15.58345],[-47.76565,-15.58233],[-47.76464,-15.58053],[-47.76276,-15.57962],[-47.76102,-15.57948],[-47.76073,-15.57928],[-47.76023,-15.57801],[-47.76045,-15.5751],[-47.76068,-15.57463],[-47.76014,-15.5736],[-47.7601,-15.57301],[-47.76041,-15.57281],[-47.76109,-15.57292],[-47.76142,-15.57218],[-47.76231,-15.57227],[-47.76319,-15.57142],[-47.763,-15.5705],[-47.76247,-15.56967],[-47.76233,-15.56781],[-47.76273,-15.56719],[-47.76386,-15.56634],[-47.76426,-15.56502],[-47.76477,-15.56491],[-47.76572,-15.56517],[-47.76676,-15.56455],[-47.7668,-15.56422],[-47.76639,-15.56374],[-47.76699,-15.5634],[-47.76679,-15.56282],[-47.76725,-15.56192],[-47.76728,-15.56106],[-47.76633,-15.55997],[-47.76638,-15.55923],[-47.76602,-15.55862],[-47.76423,-15.55808],[-47.76381,-15.55832],[-47.76401,-15.55846],[-47.7639,-15.55922],[-47.76353,-15.55931],[-47.76155,-15.55839],[-47.76118,-15.55768],[-47.75938,-15.55676],[-47.75911,-15.5558],[-47.75859,-15.5553],[-47.75614,-15.55426],[-47.75604,-15.55376],[-47.75521,-15.55259],[-47.75554,-15.55166],[-47.75486,-15.55129],[-47.75471,-15.5508],[-47.75491,-15.55019],[-47.75658,-15.54888],[-47.75636,-15.54645],[-47.7558,-15.54582],[-47.75566,-15.54474],[-47.75486,-15.54387],[-47.75431,-15.54355],[-47.75411,-15.54386],[-47.75338,-15.54397],[-47.75357,-15.54307],[-47.75308,-15.54261],[-47.75304,-15.54201],[-47.75197,-15.54284],[-47.7517,-15.54141],[-47.75219,-15.54097],[-47.75188,-15.54045],[-47.75155,-15.54038],[-47.75151,-15.53988],[-47.75026,-15.53957],[-47.75005,-15.53905],[-47.75015,-15.53866],[-47.75074,-15.53866],[-47.75067,-15.53794],[-47.75165,-15.53726],[-47.75158,-15.53707],[-47.75114,-15.53712],[-47.75108,-15.53686],[-47.75145,-15.53685],[-47.75162,-15.53655],[-47.75084,-15.53586],[-47.75148,-15.53577],[-47.75119,-15.53496],[-47.75194,-15.53468],[-47.75232,-15.53425],[-47.75203,-15.53396],[-47.75238,-15.53377],[-47.75239,-15.53337],[-47.75322,-15.53346],[-47.75321,-15.53298],[-47.75293,-15.53284],[-47.75311,-15.5323],[-47.75315,-15.53257],[-47.75355,-15.53266],[-47.75344,-15.53235],[-47.75418,-15.53227],[-47.75379,-15.53189],[-47.75426,-15.53181],[-47.75443,-15.53107],[-47.75363,-15.53012],[-47.75371,-15.52991],[-47.75406,-15.53001],[-47.75372,-15.52964],[-47.75437,-15.5293],[-47.75468,-15.52956],[-47.75526,-15.52867],[-47.75562,-15.52878],[-47.75536,-15.52928],[-47.75593,-15.52922],[-47.75647,-15.52834],[-47.75679,-15.52834],[-47.7576,-15.52874],[-47.7573,-15.5292],[-47.75783,-15.53023],[-47.75877,-15.53083],[-47.75919,-15.53045],[-47.75993,-15.52867],[-47.75935,-15.52802],[-47.75932,-15.52766],[-47.75973,-15.52747],[-47.76017,-15.52846],[-47.76037,-15.52779],[-47.76018,-15.52689],[-47.76076,-15.52756],[-47.76198,-15.52727],[-47.76163,-15.52815],[-47.76279,-15.52865],[-47.76351,-15.52826],[-47.76379,-15.52734]]]},"properties":{"ra_nome":"SOBRADINHO","ra_codigo":"RA-V"}},{"type":"Feature","geometry":{"type":"Polygon","coordinates":[[[-47.97051,-15.80634],[-47.97029,-15.80494],[-47.97182,-15.80471],[-47.97183,-15.80375],[-47.97961,-15.80254],[-47.98034,-15.80112],[-47.98136,-15.80093],[-47.98203,-15.79963],[-47.986,-15.80168],[-47.98851,-15.80373],[-47.99038,-15.80439],[-47.99119,-15.80545],[-47.9913,-15.80618],[-47.99211,-15.80608],[-47.99287,-15.81098],[-47.99491,-15.81095],[-48.00487,-15.81455],[-48.00435,-15.81564],[-48.00139,-15.81726],[-48.00038,-15.81806],[-48.00013,-15.81896],[-48.00041,-15.81981],[-48.00012,-15.82029],[-47.99917,-15.82084],[-47.9986,-15.82192],[-47.99804,-15.82194],[-47.99607,-15.82341],[-47.99588,-15.82411],[-47.99658,-15.82548],[-47.99637,-15.8267],[-47.99548,-15.82723],[-47.99516,-15.82802],[-47.99557,-15.82955],[-47.99512,-15.82984],[-47.99511,-15.83054],[-47.99536,-15.83084],[-47.99505,-15.83116],[-47.99539,-15.83122],[-47.99481,-15.83216],[-47.99434,-15.83209],[-47.99419,-15.83255],[-47.99362,-15.83257],[-47.99335,-15.83301],[-47.99301,-15.83593],[-47.9925,-15.83704],[-47.9919,-15.83715],[-47.99159,-15.83796],[-47.9918,-15.83832],[-47.99159,-15.83871],[-47.99178,-15.83921],[-47.99057,-15.84077],[-47.99028,-15.84069],[-47.98993,-15.84124],[-47.99023,-15.84264],[-47.98985,-15.84261],[-47.98996,-15.84364],[-47.98945,-15.84451],[-47.99013,-15.84507],[-47.98936,-15.84594],[-47.98965,-15.84625],[-47.9885,-15.84701],[-47.98844,-15.84743],[-47.98817,-15.84723],[-47.98793,-15.8475],[-47.98731,-15.84728],[-47.98701,-15.84755],[-47.98649,-15.84752],[-47.98563,-15.84789],[-47.98479,-15.84948],[-47.98511,-15.85001],[-47.98463,-15.84997],[-47.9843,-15.85068],[-47.98396,-15.85065],[-47.98379,-15.8502],[-47.98265,-15.85019],[-47.98249,-15.84994],[-47.98225,-15.85025],[-47.98159,-15.85037],[-47.98134,-15.85133],[-47.98088,-15.85198],[-47.97954,-15.853],[-47.97957,-15.85343],[-47.97926,-15.85383],[-47.97926,-15.85496],[-47.97774,-15.85695],[-47.97796,-15.85726],[-47.97775,-15.8578],[-47.97714,-15.8584],[-47.97659,-15.85837],[-47.9756,-15.85921],[-47.97471,-15.85867],[-47.97414,-15.85888],[-47.97365,-15.85864],[-47.97311,-15.8588],[-47.97275,-15.85943],[-47.97193,-15.85931],[-47.97203,-15.85991],[-47.97149,-15.86021],[-47.97186,-15.86081],[-47.97164,-15.86125],[-47.9718,-15.86159],[-47.97152,-15.86173],[-47.97106,-15.86172],[-47.97113,-15.86143],[-47.97074,-15.86111],[-47.97046,-15.86118],[-47.97025,-15.86168],[-47.96976,-15.8613],[-47.9691,-15.86139],[-47.96654,-15.86093],[-47.9663,-15.86159],[-47.96593,-15.86142],[-47.96523,-15.86168],[-47.96526,-15.86214],[-47.96438,-15.86262],[-47.96341,-15.86264],[-47.96321,-15.86352],[-47.96279,-15.86364],[-47.9627,-15.86405],[-47.9623,-15.86431],[-47.96063,-15.86341],[-47.96026,-15.86385],[-47.95935,-15.86339],[-47.95965,-15.86295],[-47.9627,-15.86084],[-47.96169,-15.85375],[-47.95647,-15.85448],[-47.95548,-15.84825],[-47.95455,-15.84839],[-47.9484,-15.81015],[-47.96682,-15.80736],[-47.96892,-15.80736],[-47.9705,-15.80807],[-47.9707,-15.80755],[-47.97051,-15.80634]]]},"properties":{"ra_nome":"GUARÁ","ra_codigo":"RA-X"}},{"type":"Feature","geometry":{"type":"Polygon","coordinates":[[[-47.93818,-15.80552],[-47.93754,-15.80648],[-47.93299,-15.80363],[-47.93274,-15.80136],[-47.93241,-15.80116],[-47.9332,-15.79992],[-47.93347,-15.79891],[-47.93346,-15.79254],[-47.92927,-15.78015],[-47.93851,-15.77727],[-47.94618,-15.80015],[-47.94123,-15.80176],[-47.94013,-15.80262],[-47.93818,-15.80552]]]},"properties":{"ra_nome":"CRUZEIRO","ra_codigo":"RA-XI"}},{"type":"Feature","geometry":{"type":"Polygon","coordinates":[[[-48.01192,-15.87822],[-48.03837,-15.8744],[-48.03985,-15.87696],[-48.03946,-15.88053],[-48.04002,-15.88223],[-48.0392,-15.88335],[-48.0389,-15.88303],[-48.03859,-15.88306],[-48.03611,-15.88503],[-48.03529,-15.88522],[-48.03483,-15.8856],[-48.03502,-15.88622],[-48.03477,-15.88663],[-48.03488,-15.88683],[-48.03457,-15.88694],[-48.03423,-15.88772],[-48.03408,-15.88749],[-48.03367,-15.88798],[-48.03261,-15.88788],[-48.0324,-15.8883],[-48.03092,-15.88906],[-48.03017,-15.88975],[-48.0275,-15.89046],[-48.02682,-15.89172],[-48.02588,-15.89246],[-48.02582,-15.89304],[-48.02511,-15.89365],[-48.02511,-15.89421],[-48.02364,-15.89537],[-48.02252,-15.89771],[-48.02179,-15.89789],[-48.02135,-15.89744],[-48.02099,-15.89866],[-48.02034,-15.89835],[-48.0189,-15.90012],[-48.01819,-15.90026],[-48.01754,-15.90177],[-48.01637,-15.90216],[-48.01589,-15.90273],[-48.01546,-15.90285],[-48.01539,-15.90344],[-48.01497,-15.90339],[-48.01497,-15.90391],[-48.01454,-15.90384],[-48.01426,-15.90435],[-48.01287,-15.90537],[-48.01204,-15.90556],[-48.01158,-15.90606],[-48.00972,-15.90622],[-48.00926,-15.90736],[-48.00737,-15.90885],[-48.00561,-15.90891],[-48.00419,-15.90957],[-48.00263,-15.91159],[-48.00291,-15.91248],[-48.00281,-15.91297],[-48.00048,-15.91633],[-48.00085,-15.91733],[-47.99969,-15.91824],[-48.00089,-15.92062],[-47.99963,-15.92166],[-47.99731,-15.92055],[-47.99402,-15.92016],[-47.99281,-15.92099],[-47.98941,-15.92241],[-47.9881,-15.9236],[-47.98641,-15.92419],[-47.98551,-15.92491],[-47.98359,-15.92502],[-47.98339,-15.92415],[-47.98226,-15.92304],[-47.98212,-15.92201],[-47.98169,-15.92161],[-47.98189,-15.92072],[-47.98154,-15.91985],[-47.98181,-15.91959],[-47.98184,-15.91902],[-47.98223,-15.91863],[-47.98198,-15.91839],[-47.98186,-15.91788],[-47.98207,-15.91752],[-47.98186,-15.91739],[-47.98233,-15.91636],[-47.98316,-15.91551],[-47.98348,-15.91464],[-47.98333,-15.91442],[-47.98364,-15.91449],[-47.98396,-15.91387],[-47.98356,-15.91356],[-47.98395,-15.91334],[-47.98368,-15.91269],[-47.98396,-15.91244],[-47.98382,-15.91206],[-47.98437,-15.91001],[-47.98626,-15.90692],[-47.98569,-15.90497],[-47.98711,-15.90361],[-47.98766,-15.90276],[-47.98779,-15.90195],[-47.98751,-15.90139],[-47.98759,-15.90094],[-47.98796,-15.90102],[-47.98772,-15.90008],[-47.98789,-15.89959],[-47.9873,-15.89946],[-47.98718,-15.89896],[-47.98768,-15.89891],[-47.98771,-15.89806],[-47.98877,-15.89623],[-47.9889,-15.89506],[-47.98924,-15.89441],[-47.98922,-15.89385],[-47.98881,-15.89312],[-47.98893,-15.89264],[-47.9887,-15.89237],[-47.98922,-15.89188],[-47.98873,-15.89181],[-47.98858,-15.89137],[-47.98895,-15.89099],[-47.98883,-15.89055],[-47.98906,-15.88971],[-47.98874,-15.88969],[-47.98884,-15.88917],[-47.98835,-15.889],[-47.9885,-15.88875],[-47.98886,-15.88893],[-47.98913,-15.88866],[-47.98866,-15.88847],[-47.98896,-15.88818],[-47.98864,-15.88797],[-47.98891,-15.88708],[-47.98857,-15.88562],[-47.98793,-15.88434],[-47.98751,-15.88441],[-47.98678,-15.88353],[-47.98589,-15.88332],[-47.98392,-15.88179],[-47.98282,-15.88222],[-47.9812,-15.8814],[-47.98102,-15.88095],[-47.97902,-15.88053],[-47.97993,-15.87866],[-47.98017,-15.87726],[-47.98041,-15.87728],[-47.98077,-15.87819],[-47.98216,-15.87788],[-47.98395,-15.87806],[-47.9847,-15.87769],[-47.98635,-15.87746],[-47.9881,-15.87789],[-47.99235,-15.87808],[-47.99388,-15.87848],[-47.99568,-15.87968],[-47.99742,-15.87983],[-48.00024,-15.87992],[-48.00048,-15.87727],[-48.01192,-15.87822]]]},"properties":{"ra_nome":"RIACHO FUNDO","ra_codigo":"RA-XVII"}},{"type":"Feature","geometry":{"type":"Polygon","coordinates":[[[-48.0458,-15.75893],[-48.04661,-15.75618],[-48.04995,-15.7483],[-48.05245,-15.74464],[-48.05403,-15.74301],[-48.0574,-15.7405],[-48.06007,-15.73915],[-48.0619,-15.7385],[-48.07291,-15.73646],[-48.07291,-15.73685],[-48.07329,-15.73701],[-48.07367,-15.73759],[-48.07225,-15.73981],[-48.07217,-15.74037],[-48.07251,-15.74137],[-48.07151,-15.74241],[-48.07035,-15.74501],[-48.06847,-15.74696],[-48.06826,-15.74811],[-48.0678,-15.74873],[-48.06774,-15.74967],[-48.06679,-15.75026],[-48.06712,-15.75141],[-48.06652,-15.75207],[-48.06566,-15.75422],[-48.06574,-15.75509],[-48.06643,-15.7569],[-48.06708,-15.75772],[-48.0683,-15.75853],[-48.0688,-15.75944],[-48.07125,-15.75867],[-48.07259,-15.75902],[-48.07488,-15.75814],[-48.0751,-15.75772],[-48.07568,-15.75796],[-48.07692,-15.75711],[-48.07988,-15.75794],[-48.08052,-15.75826],[-48.0808,-15.75879],[-48.08158,-15.75931],[-48.08287,-15.75931],[-48.08366,-15.75987],[-48.0852,-15.76006],[-48.0874,-15.76141],[-48.08863,-15.76155],[-48.09133,-15.76349],[-48.09204,-15.76364],[-48.09452,-15.76502],[-48.09631,-15.76527],[-48.09736,-15.76589],[-48.0989,-15.76527],[-48.10036,-15.76565],[-48.10267,-15.76685],[-48.10523,-15.76757],[-48.10775,-15.76929],[-48.10867,-15.76904],[-48.1097,-15.76967],[-48.11024,-15.76972],[-48.1109,-15.77026],[-48.11192,-15.77044],[-48.1112,-15.77125],[-48.11048,-15.77106],[-48.10992,-15.77164],[-48.10816,-15.772],[-48.10761,-15.77173],[-48.10638,-15.77228],[-48.10612,-15.77305],[-48.10555,-15.77326],[-48.10526,-15.77369],[-48.10553,-15.77401],[-48.10541,-15.77457],[-48.10503,-15.77492],[-48.10506,-15.77531],[-48.10414,-15.77526],[-48.10376,-15.77567],[-48.10303,-15.7779],[-48.1025,-15.77842],[-48.10251,-15.77925],[-48.1028,-15.77955],[-48.10265,-15.78041],[-48.10359,-15.78092],[-48.10291,-15.78331],[-48.103,-15.78607],[-48.10427,-15.78704],[-48.1058,-15.78903],[-48.10706,-15.78981],[-48.10726,-15.7905],[-48.10826,-15.79014],[-48.11102,-15.79401],[-48.11171,-15.79401],[-48.11242,-15.79452],[-48.1086,-15.79955],[-48.1076,-15.79884],[-48.10173,-15.80537],[-48.10145,-15.80531],[-48.09667,-15.8117],[-48.09447,-15.81631],[-48.09402,-15.8168],[-48.09247,-15.82151],[-48.09331,-15.82182],[-48.08787,-15.83587],[-48.0933,-15.83773],[-48.09189,-15.84189],[-48.09068,-15.84148],[-48.09091,-15.84446],[-48.0907,-15.84592],[-48.08998,-15.84684],[-48.08766,-15.85124],[-48.08723,-15.85088],[-48.08621,-15.85064],[-48.08598,-15.85026],[-48.08429,-15.84908],[-48.08412,-15.84853],[-48.08342,-15.84852],[-48.08332,-15.84826],[-48.0836,-15.84782],[-48.08289,-15.84695],[-48.08212,-15.84682],[-48.08041,-15.84597],[-48.07979,-15.84607],[-48.07897,-15.84545],[-48.07761,-15.84495],[-48.0766,-15.84381],[-48.07535,-15.8436],[-48.07511,-15.84615],[-48.0745,-15.8479],[-48.0731,-15.84739],[-48.07175,-15.84858],[-48.06949,-15.85213],[-48.0683,-15.85165],[-48.06764,-15.85162],[-48.06748,-15.85265],[-48.06671,-15.85358],[-48.06537,-15.85615],[-48.06438,-15.8572],[-48.06177,-15.85858],[-48.0607,-15.85869],[-48.05713,-15.85743],[-48.05654,-15.85743],[-48.0544,-15.85651],[-48.05382,-15.85696],[-48.05024,-15.85547],[-48.04971,-15.85722],[-48.04798,-15.85968],[-48.04743,-15.85948],[-48.0465,-15.86025],[-48.04624,-15.86012],[-48.04581,-15.86092],[-48.04555,-15.86078],[-48.04509,-15.86164],[-48.04472,-15.86145],[-48.04368,-15.86338],[-48.03992,-15.86363],[-48.03747,-15.86819],[-48.04771,-15.87504],[-48.04745,-15.87539],[-48.04563,-15.87428],[-48.04318,-15.87378],[-48.02776,-15.87591],[-48.03062,-15.87054],[-48.02552,-15.868],[-48.03021,-15.85933],[-48.02897,-15.8587],[-48.03056,-15.85572],[-48.0331,-15.84896],[-48.03685,-15.85052],[-48.04546,-15.83433],[-48.0456,-15.83422],[-48.04889,-15.83579],[-48.04942,-15.83477],[-48.0498,-15.83294],[-48.05101,-15.83051],[-48.05297,-15.82886],[-48.05395,-15.827],[-48.05149,-15.82583],[-48.05235,-15.82349],[-48.05387,-15.81734],[-48.05428,-15.81422],[-48.05486,-15.81422],[-48.05482,-15.81183],[-48.05631,-15.8081],[-48.05431,-15.80707],[-48.05634,-15.80573],[-48.05639,-15.80482],[-48.05556,-15.80332],[-48.05581,-15.80313],[-48.05524,-15.80225],[-48.05435,-15.79894],[-48.05358,-15.79754],[-48.0523,-15.79285],[-48.05152,-15.79223],[-48.05155,-15.79186],[-48.05344,-15.79221],[-48.04681,-15.77669],[-48.04551,-15.77241],[-48.04487,-15.76747],[-48.04488,-15.76514],[-48.04528,-15.76123],[-48.0458,-15.75893]]]},"properties":{"ra_nome":"TAGUATINGA","ra_codigo":"RA-III"}},{"type":"Feature","geometry":{"type":"Polygon","coordinates":[[[-47.8681,-15.71646],[-47.87123,-15.71554],[-47.87051,-15.71461],[-47.87078,-15.71354],[-47.87341,-15.71257],[-47.87374,-15.71226],[-47.87408,-15.71135],[-47.87158,-15.70954],[-47.87231,-15.70798],[-47.8752,-15.70726],[-47.87688,-15.70744],[-47.88155,-15.70483],[-47.88474,-15.70147],[-47.89198,-15.70697],[-47.89115,-15.70751],[-47.88957,-15.70732],[-47.88946,-15.70772],[-47.88912,-15.70785],[-47.88938,-15.70812],[-47.88812,-15.70896],[-47.88684,-15.70912],[-47.88471,-15.70997],[-47.88419,-15.71059],[-47.88182,-15.71148],[-47.8814,-15.71142],[-47.88119,-15.71164],[-47.88071,-15.71139],[-47.8806,-15.71187],[-47.8799,-15.71193],[-47.87999,-15.71222],[-47.87944,-15.7122],[-47.87894,-15.71183],[-47.87848,-15.71204],[-47.87806,-15.71251],[-47.87835,-15.71295],[-47.8781,-15.71366],[-47.87827,-15.71399],[-47.87719,-15.71449],[-47.87705,-15.71508],[-47.87673,-15.71528],[-47.87602,-15.71524],[-47.87541,-15.7156],[-47.87539,-15.7153],[-47.87505,-15.71529],[-47.87438,-15.7158],[-47.87462,-15.71621],[-47.87507,-15.71602],[-47.87498,-15.71636],[-47.87368,-15.7168],[-47.87007,-15.719],[-47.86968,-15.71951],[-47.8681,-15.71646]]]},"properties":{"ra_nome":"VARJÃO","ra_codigo":"RA-XXIII"}},{"type":"Feature","geometry":{"type":"Polygon","coordinates":[[[-48.00445,-15.75486],[-48.00473,-15.75475],[-48.0053,-15.75886],[-48.00616,-15.75919],[-48.00682,-15.76092],[-48.00658,-15.76156],[-48.00715,-15.7624],[-48.00729,-15.76477],[-48.00656,-15.76616],[-48.00679,-15.76905],[-48.00617,-15.77019],[-48.00632,-15.7727],[-48.00679,-15.77364],[-48.00649,-15.77478],[-48.00676,-15.77507],[-48.0065,-15.77623],[-48.00607,-15.77632],[-48.00614,-15.77834],[-48.00583,-15.77839],[-48.00589,-15.77956],[-48.00413,-15.78297],[-48.00397,-15.78377],[-48.00416,-15.78457],[-48.00312,-15.78555],[-48.00302,-15.78625],[-47.99893,-15.78616],[-47.99464,-15.78646],[-47.99057,-15.7871],[-47.98643,-15.78813],[-47.98027,-15.79043],[-47.97196,-15.79486],[-47.97019,-15.79553],[-47.96828,-15.79461],[-47.9661,-15.7943],[-47.96609,-15.7938],[-47.96701,-15.79275],[-47.97645,-15.78253],[-47.97734,-15.78209],[-47.97791,-15.78258],[-47.97836,-15.78251],[-48.00362,-15.75544],[-48.00445,-15.75486]]]},"properties":{"ra_nome":"SCIA","ra_codigo":"RA-XXV"}},{"type":"Feature","geometry":{"type":"Polygon","coordinates":[[[-48.00957,-15.84399],[-48.01089,-15.84113],[-48.01666,-15.84282],[-48.03297,-15.84952],[-48.03056,-15.85572],[-48.02897,-15.8587],[-48.03021,-15.85933],[-48.02552,-15.868],[-48.03062,-15.87054],[-48.02776,-15.87591],[-48.02324,-15.87672],[-48.01153,-15.87823],[-47.9921,-15.87651],[-47.9936,-15.87137],[-47.99333,-15.8712],[-47.99387,-15.869],[-47.99183,-15.86847],[-47.99143,-15.86802],[-47.99195,-15.86622],[-47.98654,-15.86478],[-47.98666,-15.86437],[-47.98831,-15.86276],[-47.98796,-15.86242],[-47.99056,-15.85987],[-47.99088,-15.86019],[-47.99456,-15.8566],[-47.99498,-15.85687],[-47.99521,-15.8567],[-47.99646,-15.85537],[-47.99609,-15.85501],[-47.99767,-15.85365],[-47.998,-15.85303],[-48.00064,-15.85042],[-47.99876,-15.84865],[-47.99987,-15.84642],[-48.00103,-15.84695],[-48.00195,-15.84831],[-48.00641,-15.85021],[-48.00764,-15.84728],[-48.00803,-15.84744],[-48.00957,-15.84399]]]},"properties":{"ra_nome":"ARNIQUEIRA","ra_codigo":"RA-XXXIII"}},{"type":"Feature","geometry":{"type":"Polygon","coordinates":[[[-47.41841,-15.50182],[-47.77207,-15.50237],[-47.77103,-15.50333],[-47.77108,-15.50481],[-47.77029,-15.50692],[-47.77015,-15.50864],[-47.77115,-15.50912],[-47.7714,-15.50893],[-47.771,-15.50829],[-47.77149,-15.50847],[-47.77174,-15.50908],[-47.77169,-15.50975],[-47.77113,-15.50995],[-47.771,-15.5104],[-47.77224,-15.51079],[-47.77251,-15.51114],[-47.77246,-15.51216],[-47.77164,-15.51313],[-47.77122,-15.51426],[-47.77317,-15.51468],[-47.77302,-15.51391],[-47.77424,-15.51492],[-47.77355,-15.5148],[-47.77228,-15.51503],[-47.77177,-15.5147],[-47.77185,-15.51519],[-47.77245,-15.5155],[-47.77209,-15.51606],[-47.7711,-15.51596],[-47.77079,-15.51566],[-47.77043,-15.51596],[-47.77068,-15.51657],[-47.77003,-15.51714],[-47.76927,-15.51744],[-47.76847,-15.51722],[-47.76847,-15.51766],[-47.7681,-15.51821],[-47.76826,-15.51897],[-47.76691,-15.51922],[-47.76753,-15.5195],[-47.76738,-15.52011],[-47.76803,-15.5207],[-47.76795,-15.52087],[-47.76571,-15.52034],[-47.76564,-15.52073],[-47.76601,-15.52154],[-47.76583,-15.52168],[-47.76471,-15.51973],[-47.76435,-15.51955],[-47.76404,-15.51969],[-47.76387,-15.5204],[-47.76314,-15.51989],[-47.76223,-15.51993],[-47.76215,-15.52096],[-47.76158,-15.52046],[-47.76161,-15.52294],[-47.76227,-15.52364],[-47.76196,-15.52436],[-47.76275,-15.5248],[-47.7631,-15.52398],[-47.76414,-15.52521],[-47.76359,-15.52543],[-47.76403,-15.52614],[-47.76374,-15.52656],[-47.76402,-15.52674],[-47.7637,-15.52798],[-47.7633,-15.52845],[-47.7627,-15.52863],[-47.76163,-15.52815],[-47.76198,-15.52727],[-47.76076,-15.52756],[-47.76021,-15.52688],[-47.76037,-15.52779],[-47.76017,-15.52846],[-47.75973,-15.52747],[-47.75932,-15.52766],[-47.75935,-15.52802],[-47.75993,-15.52867],[-47.75919,-15.53045],[-47.75877,-15.53083],[-47.75783,-15.53023],[-47.7573,-15.5292],[-47.7576,-15.52874],[-47.75679,-15.52834],[-47.75647,-15.52834],[-47.75593,-15.52922],[-47.75536,-15.52928],[-47.75562,-15.52878],[-47.75526,-15.52867],[-47.75468,-15.52956],[-47.75437,-15.5293],[-47.75372,-15.52964],[-47.75406,-15.53001],[-47.75371,-15.52991],[-47.75363,-15.53012],[-47.75443,-15.53107],[-47.75426,-15.53181],[-47.75379,-15.53189],[-47.75418,-15.53227],[-47.75344,-15.53235],[-47.75355,-15.53266],[-47.75315,-15.53257],[-47.75311,-15.5323],[-47.75293,-15.53284],[-47.75321,-15.53298],[-47.75322,-15.53346],[-47.75239,-15.53337],[-47.75238,-15.53377],[-47.75203,-15.53396],[-47.75232,-15.53425],[-47.75194,-15.53468],[-47.75119,-15.53496],[-47.75148,-15.53577],[-47.75084,-15.53586],[-47.75162,-15.53655],[-47.75145,-15.53685],[-47.75108,-15.53686],[-47.75114,-15.53712],[-47.75158,-15.53707],[-47.75165,-15.53726],[-47.75067,-15.53794],[-47.75074,-15.53866],[-47.75015,-15.53866],[-47.75005,-15.53905],[-47.75026,-15.53957],[-47.75151,-15.53988],[-47.75155,-15.54038],[-47.75188,-15.54045],[-47.75219,-15.54097],[-47.7517,-15.54141],[-47.75197,-15.54284],[-47.75304,-15.54201],[-47.75308,-15.54261],[-47.75357,-15.54307],[-47.75338,-15.54397],[-47.75411,-15.54386],[-47.75431,-15.54355],[-47.75486,-15.54387],[-47.75566,-15.54474],[-47.7558,-15.54582],[-47.75636,-15.54645],[-47.75658,-15.54888],[-47.75491,-15.55019],[-47.75471,-15.5508],[-47.75486,-15.55129],[-47.75554,-15.55166],[-47.75521,-15.55259],[-47.75604,-15.55376],[-47.75614,-15.55426],[-47.75859,-15.5553],[-47.75911,-15.5558],[-47.75938,-15.55676],[-47.76118,-15.55768],[-47.76155,-15.55839],[-47.76353,-15.55931],[-47.7639,-15.55922],[-47.76401,-15.55846],[-47.76381,-15.55832],[-47.76423,-15.55808],[-47.76602,-15.55862],[-47.76638,-15.55923],[-47.76633,-15.55997],[-47.76728,-15.56106],[-47.76725,-15.56192],[-47.76679,-15.56282],[-47.76699,-15.5634],[-47.76639,-15.56374],[-47.7668,-15.56422],[-47.76676,-15.56455],[-47.76572,-15.56517],[-47.76477,-15.56491],[-47.76426,-15.56502],[-47.76386,-15.56634],[-47.76273,-15.56719],[-47.76233,-15.56781],[-47.76247,-15.56967],[-47.763,-15.5705],[-47.76319,-15.57142],[-47.76231,-15.57227],[-47.76142,-15.57218],[-47.76109,-15.57292],[-47.76041,-15.57281],[-47.7601,-15.57301],[-47.76014,-15.5736],[-47.76068,-15.57463],[-47.76045,-15.5751],[-47.76023,-15.57801],[-47.76073,-15.57928],[-47.76102,-15.57948],[-47.76276,-15.57962],[-47.76464,-15.58053],[-47.76565,-15.58233],[-47.76608,-15.58345],[-47.76579,-15.58554],[-47.76522,-15.58664],[-47.76466,-15.58711],[-47.76461,-15.58763],[-47.76548,-15.58799],[-47.76704,-15.58804],[-47.76917,-15.58881],[-47.76887,-15.58958],[-47.76753,-15.5899],[-47.76455,-15.58976],[-47.76323,-15.59141],[-47.76561,-15.59239],[-47.7729,-15.59401],[-47.78049,-15.59336],[-47.78118,-15.60081],[-47.77491,-15.60696],[-47.77449,-15.60806],[-47.77346,-15.60899],[-47.76841,-15.6124],[-47.76279,-15.61573],[-47.76061,-15.61737],[-47.75947,-15.62105],[-47.75977,-15.62492],[-47.75301,-15.63961],[-47.75232,-15.64026],[-47.73788,-15.6646],[-47.7443,-15.67143],[-47.7402,-15.67469],[-47.74076,-15.675],[-47.74093,-15.67545],[-47.74213,-15.67527],[-47.74357,-15.67631],[-47.74435,-15.67622],[-47.74557,-15.67776],[-47.74603,-15.67933],[-47.74655,-15.68051],[-47.74686,-15.68073],[-47.74677,-15.68136],[-47.7471,-15.68297],[-47.74641,-15.6852],[-47.74662,-15.68575],[-47.74627,-15.68627],[-47.74379,-15.6874],[-47.74318,-15.68818],[-47.74252,-15.68833],[-47.74205,-15.68893],[-47.74127,-15.68914],[-47.73953,-15.69168],[-47.73871,-15.69197],[-47.73849,-15.69249],[-47.73711,-15.69327],[-47.73588,-15.69437],[-47.73498,-15.69586],[-47.73378,-15.69664],[-47.73272,-15.69774],[-47.7314,-15.69798],[-47.73138,-15.6985],[-47.73017,-15.69843],[-47.72922,-15.69865],[-47.7239,-15.69717],[-47.72175,-15.69689],[-47.71879,-15.69783],[-47.71681,-15.69732],[-47.71651,-15.698],[-47.71604,-15.69805],[-47.71566,-15.69848],[-47.7149,-15.69824],[-47.71328,-15.69915],[-47.70948,-15.70034],[-47.70817,-15.70001],[-47.70592,-15.7001],[-47.70488,-15.69986],[-47.7043,-15.70042],[-47.70327,-15.70023],[-47.70138,-15.69919],[-47.69784,-15.69926],[-47.69751,-15.69955],[-47.69712,-15.69943],[-47.69635,-15.69966],[-47.69506,-15.70076],[-47.69391,-15.70093],[-47.69355,-15.70131],[-47.69268,-15.70126],[-47.69268,-15.70195],[-47.69245,-15.70177],[-47.69224,-15.70198],[-47.69173,-15.7018],[-47.69121,-15.70196],[-47.68992,-15.70308],[-47.68833,-15.70339],[-47.68614,-15.70329],[-47.68426,-15.70372],[-47.68354,-15.70441],[-47.68199,-15.70466],[-47.68182,-15.7051],[-47.68065,-15.70519],[-47.68052,-15.70541],[-47.68021,-15.70525],[-47.68018,-15.70571],[-47.67979,-15.70563],[-47.67959,-15.70602],[-47.67875,-15.70636],[-47.67846,-15.70702],[-47.6781,-15.70725],[-47.6766,-15.70709],[-47.6758,-15.70774],[-47.67582,-15.70816],[-47.67542,-15.70867],[-47.67471,-15.70884],[-47.67456,-15.70993],[-47.67416,-15.70979],[-47.67412,-15.70894],[-47.67327,-15.70947],[-47.67338,-15.71038],[-47.67286,-15.71064],[-47.67437,-15.71152],[-47.67495,-15.71257],[-47.67564,-15.71306],[-47.67589,-15.71407],[-47.67582,-15.71465],[-47.67528,-15.7151],[-47.67508,-15.71587],[-47.67458,-15.71588],[-47.67378,-15.71654],[-47.67395,-15.71734],[-47.67469,-15.71709],[-47.67503,-15.7176],[-47.6755,-15.71733],[-47.67571,-15.7175],[-47.67579,-15.71843],[-47.6762,-15.71923],[-47.67536,-15.71978],[-47.67507,-15.72061],[-47.67577,-15.72111],[-47.6765,-15.72127],[-47.67663,-15.72154],[-47.67639,-15.72219],[-47.67662,-15.72255],[-47.67619,-15.72271],[-47.67571,-15.72212],[-47.67389,-15.72206],[-47.67461,-15.72235],[-47.67455,-15.72306],[-47.67611,-15.72364],[-47.67618,-15.7249],[-47.67675,-15.72546],[-47.67657,-15.72628],[-47.67564,-15.72678],[-47.6754,-15.72765],[-47.67455,-15.72761],[-47.67454,-15.72797],[-47.67394,-15.72828],[-47.67365,-15.72899],[-47.67391,-15.72963],[-47.67515,-15.73011],[-47.67549,-15.73051],[-47.67461,-15.73118],[-47.67586,-15.73228],[-47.67452,-15.73314],[-47.67578,-15.73424],[-47.67468,-15.73437],[-47.67376,-15.73406],[-47.6703,-15.73074],[-47.66471,-15.72732],[-47.66276,-15.72696],[-47.66046,-15.72743],[-47.66435,-15.74572],[-47.66448,-15.74753],[-47.66429,-15.74902],[-47.66351,-15.751],[-47.64219,-15.78897],[-47.62105,-15.86305],[-47.60592,-15.85898],[-47.60435,-15.85878],[-47.60308,-15.8589],[-47.55815,-15.87225],[-47.55662,-15.87238],[-47.55501,-15.87218],[-47.55348,-15.87156],[-47.52111,-15.85411],[-47.51996,-15.85354],[-47.51822,-15.85315],[-47.51535,-15.85343],[-47.46647,-15.86315],[-47.46505,-15.8631],[-47.46318,-15.86258],[-47.45605,-15.85837],[-47.4546,-15.85786],[-47.4532,-15.85769],[-47.45177,-15.85781],[-47.42573,-15.86385],[-47.42302,-15.86415],[-47.3871,-15.85687],[-47.38584,-15.84767],[-47.38529,-15.84599],[-47.38415,-15.84658],[-47.38356,-15.84659],[-47.38383,-15.84705],[-47.38328,-15.84711],[-47.38236,-15.84662],[-47.38251,-15.84542],[-47.38135,-15.84572],[-47.38105,-15.84542],[-47.38034,-15.84545],[-47.38023,-15.8456],[-47.38086,-15.84579],[-47.38083,-15.84645],[-47.38011,-15.84708],[-47.37935,-15.84631],[-47.37904,-15.84632],[-47.37881,-15.84668],[-47.37899,-15.84705],[-47.37856,-15.84722],[-47.37766,-15.84613],[-47.37744,-15.84619],[-47.37739,-15.84681],[-47.37695,-15.84663],[-47.37633,-15.84578],[-47.37627,-15.84629],[-47.37605,-15.84624],[-47.37537,-15.84539],[-47.37525,-15.84606],[-47.375,-15.84569],[-47.37401,-15.84532],[-47.37429,-15.84496],[-47.37385,-15.84493],[-47.3737,-15.84458],[-47.37274,-15.84501],[-47.37313,-15.84585],[-47.37222,-15.84631],[-47.37217,-15.84598],[-47.37146,-15.84578],[-47.37114,-15.84623],[-47.37071,-15.84552],[-47.37029,-15.84554],[-47.36962,-15.84505],[-47.36839,-15.84308],[-47.36829,-15.84216],[-47.36897,-15.84151],[-47.36988,-15.84176],[-47.3704,-15.84136],[-47.36799,-15.84013],[-47.36777,-15.8393],[-47.36814,-15.8388],[-47.36815,-15.83812],[-47.36768,-15.83823],[-47.36752,-15.83905],[-47.36695,-15.83856],[-47.36687,-15.83741],[-47.36783,-15.83746],[-47.36781,-15.83608],[-47.36803,-15.83567],[-47.36741,-15.83543],[-47.36707,-15.83557],[-47.36638,-15.83738],[-47.36605,-15.83753],[-47.36539,-15.83515],[-47.36616,-15.83516],[-47.36629,-15.83461],[-47.36489,-15.83405],[-47.36559,-15.83349],[-47.36626,-15.83367],[-47.36657,-15.8335],[-47.36565,-15.83297],[-47.3666,-15.83184],[-47.36645,-15.83156],[-47.36586,-15.83192],[-47.36612,-15.83122],[-47.36593,-15.83031],[-47.36612,-15.83009],[-47.3667,-15.83012],[-47.36667,-15.82947],[-47.3674,-15.82882],[-47.36737,-15.82839],[-47.36626,-15.82736],[-47.36415,-15.82793],[-47.36229,-15.82739],[-47.36215,-15.82684],[-47.3628,-15.8259],[-47.36304,-15.82487],[-47.36108,-15.82423],[-47.36034,-15.82367],[-47.36095,-15.82215],[-47.36094,-15.82168],[-47.36068,-15.82143],[-47.35994,-15.82146],[-47.35884,-15.82275],[-47.35883,-15.82305],[-47.35945,-15.82286],[-47.3596,-15.82304],[-47.35917,-15.8237],[-47.35801,-15.82412],[-47.35743,-15.82416],[-47.35715,-15.82395],[-47.3571,-15.823],[-47.35795,-15.82295],[-47.35818,-15.82272],[-47.35827,-15.82224],[-47.35799,-15.82205],[-47.35714,-15.82222],[-47.35596,-15.82354],[-47.35544,-15.82349],[-47.35464,-15.82214],[-47.35459,-15.82145],[-47.35538,-15.8209],[-47.35583,-15.82116],[-47.35593,-15.82077],[-47.35685,-15.82014],[-47.35697,-15.81975],[-47.3566,-15.81958],[-47.35618,-15.82027],[-47.35484,-15.82038],[-47.35494,-15.8201],[-47.35576,-15.81962],[-47.35617,-15.8188],[-47.35518,-15.81704],[-47.35492,-15.81702],[-47.35445,-15.81782],[-47.35343,-15.81844],[-47.35297,-15.81815],[-47.35306,-15.81694],[-47.35438,-15.81659],[-47.35523,-15.81606],[-47.35461,-15.81563],[-47.35441,-15.81403],[-47.35283,-15.81509],[-47.35213,-15.81467],[-47.35222,-15.81445],[-47.35283,-15.81446],[-47.35303,-15.81378],[-47.35262,-15.81363],[-47.35276,-15.81305],[-47.35251,-15.81234],[-47.35217,-15.81189],[-47.35174,-15.8119],[-47.35169,-15.81125],[-47.35102,-15.81148],[-47.3511,-15.81061],[-47.35056,-15.8107],[-47.35008,-15.81024],[-47.35025,-15.80781],[-47.34931,-15.8078],[-47.34891,-15.8085],[-47.34846,-15.80814],[-47.34849,-15.80682],[-47.34939,-15.8062],[-47.34824,-15.80618],[-47.34808,-15.8059],[-47.34822,-15.80567],[-47.34893,-15.80578],[-47.3495,-15.80544],[-47.34961,-15.80388],[-47.34867,-15.80338],[-47.34789,-15.80401],[-47.34755,-15.80283],[-47.34714,-15.803],[-47.34674,-15.80399],[-47.34659,-15.80389],[-47.34674,-15.80351],[-47.34551,-15.80296],[-47.34544,-15.80251],[-47.34606,-15.80201],[-47.34596,-15.80101],[-47.34552,-15.80067],[-47.34528,-15.80174],[-47.34509,-15.80182],[-47.34497,-15.80077],[-47.34464,-15.80012],[-47.34529,-15.799],[-47.34595,-15.79864],[-47.34601,-15.79798],[-47.3457,-15.79785],[-47.34488,-15.79872],[-47.34519,-15.79729],[-47.34452,-15.79726],[-47.34408,-15.79596],[-47.34366,-15.79623],[-47.34335,-15.79697],[-47.34246,-15.7973],[-47.34201,-15.79812],[-47.34182,-15.79783],[-47.3422,-15.79661],[-47.34267,-15.79652],[-47.34212,-15.79561],[-47.34245,-15.79495],[-47.34167,-15.79502],[-47.34174,-15.79449],[-47.34137,-15.79409],[-47.34118,-15.79421],[-47.34142,-15.79528],[-47.34123,-15.7955],[-47.34099,-15.79543],[-47.34064,-15.79429],[-47.34027,-15.79507],[-47.33969,-15.79517],[-47.33948,-15.795],[-47.34005,-15.79453],[-47.33918,-15.79298],[-47.33995,-15.79259],[-47.33885,-15.79135],[-47.33912,-15.79103],[-47.33989,-15.79101],[-47.34007,-15.79072],[-47.33962,-15.79031],[-47.33873,-15.79067],[-47.33909,-15.78992],[-47.33908,-15.78827],[-47.33867,-15.78803],[-47.33856,-15.7874],[-47.33819,-15.78763],[-47.33743,-15.78676],[-47.33767,-15.78496],[-47.33713,-15.78504],[-47.33682,-15.78619],[-47.33656,-15.78562],[-47.33666,-15.78469],[-47.33617,-15.78488],[-47.33585,-15.78547],[-47.33529,-15.78535],[-47.33562,-15.7844],[-47.33601,-15.78411],[-47.33554,-15.78358],[-47.3365,-15.78332],[-47.33628,-15.78275],[-47.33674,-15.7826],[-47.33623,-15.7814],[-47.33517,-15.78203],[-47.33459,-15.78202],[-47.3344,-15.7813],[-47.33412,-15.78115],[-47.33352,-15.78105],[-47.33319,-15.78157],[-47.33297,-15.78156],[-47.33264,-15.78014],[-47.33158,-15.7793],[-47.33146,-15.77994],[-47.33102,-15.78015],[-47.33081,-15.77995],[-47.33083,-15.77936],[-47.33134,-15.77829],[-47.33078,-15.77658],[-47.33108,-15.77543],[-47.33028,-15.77512],[-47.33133,-15.77445],[-47.33136,-15.77366],[-47.33094,-15.77352],[-47.33058,-15.77399],[-47.32998,-15.7739],[-47.32906,-15.77415],[-47.32906,-15.7738],[-47.32983,-15.77324],[-47.3295,-15.77258],[-47.32927,-15.77262],[-47.32911,-15.77328],[-47.32881,-15.7735],[-47.32855,-15.77228],[-47.32771,-15.77228],[-47.32742,-15.77198],[-47.32759,-15.7715],[-47.32823,-15.77134],[-47.32893,-15.77028],[-47.32834,-15.76967],[-47.32986,-15.76924],[-47.32929,-15.76797],[-47.32934,-15.76698],[-47.32904,-15.76669],[-47.32864,-15.76693],[-47.32867,-15.76608],[-47.32829,-15.76566],[-47.32761,-15.76575],[-47.32729,-15.76638],[-47.32655,-15.76633],[-47.32654,-15.76606],[-47.32732,-15.76536],[-47.32707,-15.76514],[-47.32642,-15.76522],[-47.32637,-15.765],[-47.32693,-15.76482],[-47.32701,-15.76427],[-47.32635,-15.76312],[-47.3257,-15.76308],[-47.32625,-15.76251],[-47.3254,-15.762],[-47.32588,-15.76155],[-47.32597,-15.76102],[-47.32558,-15.76088],[-47.32517,-15.76162],[-47.32434,-15.76197],[-47.32449,-15.76133],[-47.32396,-15.76084],[-47.32461,-15.7599],[-47.32401,-15.75947],[-47.32373,-15.75804],[-47.32322,-15.75803],[-47.32307,-15.75852],[-47.32285,-15.75856],[-47.32267,-15.75791],[-47.32189,-15.75796],[-47.32188,-15.7577],[-47.32119,-15.75712],[-47.32105,-15.75596],[-47.32137,-15.75567],[-47.32214,-15.75561],[-47.32259,-15.75445],[-47.32234,-15.75435],[-47.32037,-15.75544],[-47.31942,-15.75472],[-47.31941,-15.75413],[-47.32002,-15.75387],[-47.32003,-15.75327],[-47.31907,-15.75189],[-47.31843,-15.75224],[-47.31863,-15.75104],[-47.31791,-15.75062],[-47.318,-15.75029],[-47.31893,-15.75009],[-47.31903,-15.74965],[-47.31709,-15.74832],[-47.3169,-15.74777],[-47.31736,-15.74777],[-47.31737,-15.74748],[-47.31646,-15.74595],[-47.31607,-15.74643],[-47.31621,-15.74771],[-47.31498,-15.74808],[-47.3145,-15.74788],[-47.31437,-15.7474],[-47.31496,-15.7475],[-47.31488,-15.7464],[-47.31469,-15.7463],[-47.31453,-15.74665],[-47.31425,-15.74653],[-47.31441,-15.74522],[-47.31367,-15.74488],[-47.31416,-15.74451],[-47.31453,-15.74357],[-47.31524,-15.74283],[-47.31496,-15.74269],[-47.31447,-15.74301],[-47.314,-15.74253],[-47.31345,-15.74269],[-47.31304,-15.74206],[-47.31416,-15.74156],[-47.31391,-15.74138],[-47.31407,-15.74105],[-47.31354,-15.74074],[-47.31349,-15.74037],[-47.31464,-15.74028],[-47.31496,-15.74003],[-47.31411,-15.73973],[-47.3146,-15.739],[-47.31397,-15.73895],[-47.31365,-15.73811],[-47.31465,-15.73713],[-47.31548,-15.7372],[-47.31561,-15.73629],[-47.31638,-15.73641],[-47.31695,-15.73693],[-47.31727,-15.73681],[-47.31672,-15.73556],[-47.317,-15.73544],[-47.3173,-15.73595],[-47.3175,-15.73589],[-47.31734,-15.73475],[-47.31768,-15.73419],[-47.31827,-15.73425],[-47.3189,-15.73554],[-47.31929,-15.73538],[-47.31893,-15.73432],[-47.31924,-15.73366],[-47.31928,-15.73216],[-47.31904,-15.73215],[-47.31878,-15.73285],[-47.31825,-15.73295],[-47.31807,-15.7327],[-47.31849,-15.73181],[-47.3179,-15.73144],[-47.31718,-15.73178],[-47.31703,-15.73141],[-47.31721,-15.73106],[-47.31793,-15.73101],[-47.31755,-15.73045],[-47.31745,-15.72966],[-47.31779,-15.72874],[-47.31885,-15.72822],[-47.31797,-15.72772],[-47.31845,-15.72671],[-47.31949,-15.72668],[-47.31947,-15.72612],[-47.31901,-15.72632],[-47.31868,-15.7262],[-47.31811,-15.72493],[-47.31893,-15.72365],[-47.31947,-15.72392],[-47.31979,-15.72313],[-47.32081,-15.723],[-47.32073,-15.72264],[-47.32105,-15.72246],[-47.32105,-15.72132],[-47.32087,-15.72101],[-47.32037,-15.72095],[-47.32027,-15.72052],[-47.32042,-15.71936],[-47.32086,-15.7191],[-47.32091,-15.71861],[-47.31942,-15.71921],[-47.31993,-15.71843],[-47.3197,-15.7178],[-47.31935,-15.7177],[-47.31878,-15.71812],[-47.31855,-15.71696],[-47.31778,-15.71717],[-47.31753,-15.71649],[-47.31689,-15.71607],[-47.31597,-15.7163],[-47.31525,-15.71537],[-47.31549,-15.71428],[-47.31539,-15.71344],[-47.31583,-15.71329],[-47.31598,-15.71295],[-47.31502,-15.71282],[-47.31511,-15.71183],[-47.31384,-15.71104],[-47.3141,-15.71028],[-47.31501,-15.71055],[-47.31555,-15.71023],[-47.31553,-15.70995],[-47.31464,-15.70907],[-47.31395,-15.70949],[-47.31406,-15.70902],[-47.3138,-15.70846],[-47.31416,-15.70779],[-47.31356,-15.7079],[-47.31378,-15.70733],[-47.313,-15.70699],[-47.31406,-15.70689],[-47.31463,-15.70615],[-47.31383,-15.70635],[-47.31331,-15.70617],[-47.31393,-15.70538],[-47.31485,-15.7049],[-47.31463,-15.70466],[-47.31389,-15.70477],[-47.31431,-15.70451],[-47.31432,-15.70415],[-47.31411,-15.70384],[-47.31368,-15.70393],[-47.3135,-15.70358],[-47.31361,-15.70336],[-47.31442,-15.70345],[-47.31405,-15.70294],[-47.31442,-15.70239],[-47.31352,-15.70157],[-47.31398,-15.70157],[-47.31381,-15.70098],[-47.31429,-15.70058],[-47.31411,-15.70037],[-47.31379,-15.7005],[-47.31355,-15.69992],[-47.31303,-15.69989],[-47.31341,-15.69968],[-47.31336,-15.69904],[-47.31379,-15.69832],[-47.31284,-15.69803],[-47.31304,-15.69755],[-47.31249,-15.69727],[-47.31298,-15.69663],[-47.31286,-15.69604],[-47.31387,-15.69601],[-47.31341,-15.69544],[-47.31349,-15.69491],[-47.31438,-15.69473],[-47.31483,-15.6944],[-47.31531,-15.69518],[-47.3159,-15.69512],[-47.31618,-15.69481],[-47.3158,-15.6944],[-47.31646,-15.69426],[-47.31648,-15.69357],[-47.3176,-15.69325],[-47.31679,-15.69197],[-47.31788,-15.69245],[-47.31843,-15.69228],[-47.31768,-15.69158],[-47.3178,-15.69026],[-47.31849,-15.69023],[-47.31846,-15.68918],[-47.31924,-15.68945],[-47.31919,-15.68904],[-47.31974,-15.68903],[-47.31947,-15.68824],[-47.32036,-15.68794],[-47.32029,-15.68715],[-47.32096,-15.68771],[-47.32132,-15.68676],[-47.32183,-15.68761],[-47.32138,-15.68842],[-47.32173,-15.68913],[-47.32277,-15.68862],[-47.32322,-15.68944],[-47.32394,-15.68878],[-47.32561,-15.68845],[-47.32582,-15.68896],[-47.32776,-15.68847],[-47.32814,-15.6889],[-47.32819,-15.68848],[-47.32946,-15.68831],[-47.32981,-15.68793],[-47.32769,-15.68733],[-47.32774,-15.68667],[-47.3283,-15.6865],[-47.3279,-15.68616],[-47.32838,-15.68604],[-47.32838,-15.68529],[-47.32784,-15.68433],[-47.32814,-15.68334],[-47.32917,-15.68337],[-47.3287,-15.6842],[-47.32916,-15.68475],[-47.32968,-15.6836],[-47.32983,-15.68402],[-47.33091,-15.68341],[-47.33138,-15.68363],[-47.33166,-15.68307],[-47.33148,-15.68246],[-47.33201,-15.68108],[-47.33178,-15.68026],[-47.3307,-15.6797],[-47.33071,-15.68021],[-47.33028,-15.68051],[-47.33002,-15.67985],[-47.32898,-15.67991],[-47.32903,-15.67897],[-47.32819,-15.67891],[-47.32789,-15.67856],[-47.32857,-15.67865],[-47.32913,-15.677],[-47.32854,-15.67708],[-47.32832,-15.67762],[-47.32788,-15.67756],[-47.32846,-15.67688],[-47.32828,-15.67589],[-47.3272,-15.67528],[-47.32734,-15.67364],[-47.32761,-15.67345],[-47.3275,-15.67303],[-47.32776,-15.67271],[-47.32677,-15.67161],[-47.3278,-15.67094],[-47.32611,-15.66937],[-47.32716,-15.66766],[-47.32813,-15.66709],[-47.32852,-15.66726],[-47.32867,-15.66689],[-47.32843,-15.66624],[-47.32762,-15.66562],[-47.32688,-15.66605],[-47.32651,-15.66557],[-47.32689,-15.66485],[-47.32813,-15.66531],[-47.32761,-15.66472],[-47.32751,-15.66424],[-47.32762,-15.66409],[-47.32808,-15.66428],[-47.32866,-15.66364],[-47.32711,-15.66347],[-47.32676,-15.66147],[-47.32741,-15.66084],[-47.32862,-15.66128],[-47.32842,-15.66087],[-47.32783,-15.66051],[-47.32822,-15.66045],[-47.3278,-15.65911],[-47.32854,-15.65821],[-47.32954,-15.65834],[-47.32977,-15.65786],[-47.32965,-15.6574],[-47.32886,-15.65785],[-47.32807,-15.65776],[-47.32814,-15.65752],[-47.32925,-15.65696],[-47.32817,-15.65612],[-47.32908,-15.65641],[-47.32945,-15.65623],[-47.32961,-15.65577],[-47.32891,-15.65599],[-47.32896,-15.65542],[-47.32861,-15.65523],[-47.32861,-15.65478],[-47.32728,-15.65461],[-47.32731,-15.65371],[-47.32661,-15.65268],[-47.32711,-15.65189],[-47.32797,-15.65209],[-47.32811,-15.65134],[-47.32878,-15.65159],[-47.32886,-15.65101],[-47.3292,-15.6507],[-47.32862,-15.65017],[-47.32818,-15.65065],[-47.32775,-15.65047],[-47.32814,-15.6498],[-47.32859,-15.64961],[-47.3285,-15.64938],[-47.32696,-15.64919],[-47.32753,-15.64823],[-47.32724,-15.64765],[-47.3273,-15.64703],[-47.32754,-15.64693],[-47.32785,-15.64727],[-47.32822,-15.64638],[-47.32897,-15.64628],[-47.32908,-15.64551],[-47.32961,-15.64549],[-47.33038,-15.64603],[-47.33058,-15.64536],[-47.33101,-15.64526],[-47.33085,-15.64444],[-47.33045,-15.64525],[-47.33018,-15.64461],[-47.32937,-15.64433],[-47.32934,-15.64393],[-47.32981,-15.64379],[-47.32924,-15.64298],[-47.32995,-15.64265],[-47.3294,-15.6421],[-47.32963,-15.64214],[-47.32964,-15.64181],[-47.33003,-15.64183],[-47.33048,-15.64138],[-47.32988,-15.64098],[-47.32972,-15.64057],[-47.33007,-15.6404],[-47.32952,-15.63971],[-47.32994,-15.63987],[-47.3298,-15.63906],[-47.33035,-15.63897],[-47.33049,-15.63923],[-47.33064,-15.63834],[-47.33132,-15.63811],[-47.33081,-15.63797],[-47.33079,-15.63716],[-47.33098,-15.63692],[-47.33133,-15.63716],[-47.33161,-15.63675],[-47.33136,-15.63623],[-47.33105,-15.63635],[-47.33076,-15.63575],[-47.33115,-15.63549],[-47.33116,-15.63517],[-47.33178,-15.63524],[-47.33158,-15.63466],[-47.33202,-15.6347],[-47.33213,-15.63395],[-47.33259,-15.63383],[-47.33256,-15.63303],[-47.33324,-15.63283],[-47.33304,-15.63252],[-47.33338,-15.63225],[-47.33296,-15.63205],[-47.33288,-15.63143],[-47.33308,-15.63125],[-47.3335,-15.63154],[-47.33374,-15.63145],[-47.33323,-15.63099],[-47.33347,-15.63078],[-47.33341,-15.63031],[-47.33373,-15.63017],[-47.33393,-15.62962],[-47.33352,-15.6294],[-47.33314,-15.62971],[-47.33276,-15.62945],[-47.33295,-15.62916],[-47.33266,-15.62903],[-47.33287,-15.62869],[-47.33206,-15.6286],[-47.33185,-15.62821],[-47.33196,-15.62796],[-47.33223,-15.6283],[-47.33264,-15.62808],[-47.33211,-15.62789],[-47.33244,-15.62756],[-47.33202,-15.62733],[-47.33223,-15.6269],[-47.33104,-15.62639],[-47.33145,-15.62573],[-47.33104,-15.6256],[-47.33103,-15.62521],[-47.33052,-15.62492],[-47.33053,-15.62378],[-47.33021,-15.62381],[-47.33008,-15.62355],[-47.33015,-15.62296],[-47.3311,-15.62252],[-47.33046,-15.62145],[-47.33065,-15.62032],[-47.33006,-15.61951],[-47.33018,-15.61925],[-47.32961,-15.61782],[-47.32922,-15.61773],[-47.32917,-15.61834],[-47.32885,-15.61836],[-47.3284,-15.6174],[-47.32921,-15.61673],[-47.32919,-15.61597],[-47.32858,-15.61537],[-47.3287,-15.61506],[-47.32843,-15.61489],[-47.32848,-15.6145],[-47.32808,-15.61468],[-47.3279,-15.61452],[-47.32843,-15.61428],[-47.32797,-15.6141],[-47.3282,-15.61388],[-47.32776,-15.61344],[-47.32871,-15.61348],[-47.32873,-15.61328],[-47.32835,-15.61319],[-47.32803,-15.6127],[-47.32761,-15.61292],[-47.32739,-15.61199],[-47.32699,-15.61186],[-47.32671,-15.61099],[-47.32605,-15.61108],[-47.3264,-15.6107],[-47.32623,-15.61026],[-47.32565,-15.61047],[-47.32535,-15.61011],[-47.32548,-15.60981],[-47.32512,-15.60965],[-47.32531,-15.60923],[-47.3249,-15.60863],[-47.32504,-15.60844],[-47.32485,-15.60803],[-47.32545,-15.60793],[-47.32518,-15.60752],[-47.32531,-15.60732],[-47.325,-15.60716],[-47.32477,-15.60642],[-47.32403,-15.60649],[-47.32443,-15.60606],[-47.32388,-15.60599],[-47.32403,-15.60559],[-47.32351,-15.60545],[-47.32363,-15.60488],[-47.32316,-15.60444],[-47.32347,-15.6044],[-47.32365,-15.60384],[-47.32302,-15.60378],[-47.32288,-15.60323],[-47.32326,-15.60284],[-47.32305,-15.60153],[-47.32366,-15.60096],[-47.32299,-15.60105],[-47.32327,-15.60052],[-47.32297,-15.60037],[-47.32302,-15.5997],[-47.32255,-15.59944],[-47.32272,-15.59918],[-47.3226,-15.59854],[-47.32185,-15.59873],[-47.32159,-15.59804],[-47.32125,-15.59829],[-47.32092,-15.59788],[-47.32049,-15.59815],[-47.32012,-15.59787],[-47.32013,-15.59751],[-47.31979,-15.59736],[-47.3192,-15.59772],[-47.31929,-15.59734],[-47.31868,-15.59725],[-47.318,-15.5978],[-47.31786,-15.59766],[-47.31819,-15.59741],[-47.31792,-15.59703],[-47.31742,-15.59691],[-47.31701,-15.59717],[-47.31682,-15.59679],[-47.31581,-15.5969],[-47.31582,-15.59533],[-47.31617,-15.59419],[-47.31662,-15.59416],[-47.31677,-15.59381],[-47.31736,-15.59352],[-47.31756,-15.59207],[-47.31712,-15.59054],[-47.31861,-15.58853],[-47.31861,-15.58715],[-47.31931,-15.58666],[-47.32049,-15.58694],[-47.32081,-15.58632],[-47.32147,-15.58692],[-47.32191,-15.58617],[-47.32283,-15.58621],[-47.32262,-15.58657],[-47.32323,-15.58653],[-47.32313,-15.58683],[-47.32342,-15.58687],[-47.3236,-15.5875],[-47.32392,-15.58715],[-47.32427,-15.58778],[-47.32486,-15.58772],[-47.32435,-15.58843],[-47.32443,-15.58896],[-47.3248,-15.58909],[-47.32517,-15.58836],[-47.3253,-15.58906],[-47.32565,-15.5886],[-47.32654,-15.58914],[-47.32782,-15.58897],[-47.3285,-15.58853],[-47.32896,-15.58739],[-47.3302,-15.58596],[-47.33186,-15.58723],[-47.33317,-15.58698],[-47.33421,-15.58751],[-47.33512,-15.58735],[-47.33531,-15.58679],[-47.33576,-15.58656],[-47.33628,-15.58578],[-47.33778,-15.58533],[-47.33958,-15.5838],[-47.34058,-15.58368],[-47.34154,-15.58292],[-47.34153,-15.58243],[-47.3423,-15.58242],[-47.34295,-15.5818],[-47.34312,-15.58211],[-47.34375,-15.58128],[-47.34464,-15.58129],[-47.345,-15.58065],[-47.34555,-15.58021],[-47.34575,-15.58037],[-47.34605,-15.57979],[-47.34704,-15.57901],[-47.34771,-15.5795],[-47.34831,-15.57908],[-47.34909,-15.5791],[-47.34926,-15.57954],[-47.34968,-15.57972],[-47.34968,-15.58063],[-47.35003,-15.58017],[-47.35017,-15.58048],[-47.35045,-15.58015],[-47.35158,-15.58061],[-47.35346,-15.58058],[-47.35369,-15.58042],[-47.35368,-15.57997],[-47.35439,-15.58017],[-47.35603,-15.57958],[-47.35617,-15.57992],[-47.35682,-15.57965],[-47.35699,-15.57994],[-47.35669,-15.58015],[-47.35717,-15.5802],[-47.35692,-15.58051],[-47.35737,-15.58048],[-47.35718,-15.58069],[-47.35734,-15.58077],[-47.35826,-15.58013],[-47.35831,-15.58048],[-47.35898,-15.58001],[-47.3594,-15.58029],[-47.35925,-15.57972],[-47.35977,-15.57932],[-47.35992,-15.57974],[-47.36012,-15.57953],[-47.36037,-15.57993],[-47.36065,-15.57973],[-47.36093,-15.58014],[-47.36108,-15.57991],[-47.36141,-15.58014],[-47.36154,-15.57967],[-47.36181,-15.57958],[-47.36152,-15.57926],[-47.36161,-15.57836],[-47.36206,-15.57771],[-47.36239,-15.57801],[-47.36326,-15.57778],[-47.36402,-15.57814],[-47.36441,-15.57772],[-47.36456,-15.57808],[-47.36484,-15.578],[-47.36498,-15.57828],[-47.36558,-15.57799],[-47.36599,-15.57808],[-47.36646,-15.57863],[-47.36802,-15.57883],[-47.36854,-15.5793],[-47.36861,-15.57893],[-47.36911,-15.57858],[-47.36945,-15.57878],[-47.37001,-15.57787],[-47.37032,-15.57831],[-47.37122,-15.57765],[-47.37213,-15.5776],[-47.37265,-15.5771],[-47.37308,-15.57723],[-47.37306,-15.57754],[-47.37332,-15.57709],[-47.37356,-15.57727],[-47.37417,-15.57654],[-47.375,-15.57722],[-47.37595,-15.57659],[-47.37683,-15.57656],[-47.3774,-15.5757],[-47.3782,-15.57527],[-47.37855,-15.57474],[-47.3785,-15.57427],[-47.37927,-15.57349],[-47.3791,-15.57263],[-47.37969,-15.57068],[-47.37946,-15.56917],[-47.37969,-15.56882],[-47.38013,-15.56892],[-47.38048,-15.56855],[-47.38051,-15.56803],[-47.38009,-15.56764],[-47.38065,-15.56669],[-47.38366,-15.56682],[-47.38448,-15.56738],[-47.3848,-15.56701],[-47.38525,-15.56707],[-47.38513,-15.56659],[-47.38549,-15.5662],[-47.38584,-15.56647],[-47.38588,-15.56694],[-47.38621,-15.56708],[-47.38671,-15.56664],[-47.38697,-15.56712],[-47.38759,-15.56715],[-47.3882,-15.56752],[-47.38871,-15.56732],[-47.38945,-15.56745],[-47.3902,-15.56664],[-47.39084,-15.56671],[-47.39085,-15.56648],[-47.39012,-15.56631],[-47.39041,-15.56585],[-47.39043,-15.56471],[-47.39064,-15.56458],[-47.39064,-15.56497],[-47.39098,-15.56469],[-47.39098,-15.56386],[-47.39144,-15.56253],[-47.39229,-15.56244],[-47.39247,-15.56215],[-47.39286,-15.56228],[-47.39295,-15.562],[-47.39321,-15.56221],[-47.39315,-15.56172],[-47.3935,-15.56172],[-47.3934,-15.56088],[-47.39385,-15.56077],[-47.39355,-15.56052],[-47.39385,-15.56029],[-47.39363,-15.55995],[-47.39411,-15.5597],[-47.39391,-15.55928],[-47.39421,-15.55895],[-47.39379,-15.55825],[-47.39433,-15.55776],[-47.39453,-15.55802],[-47.39524,-15.55786],[-47.39584,-15.55851],[-47.3969,-15.55757],[-47.39785,-15.55758],[-47.39798,-15.55739],[-47.39815,-15.55761],[-47.39854,-15.55716],[-47.39908,-15.5573],[-47.39945,-15.55711],[-47.39926,-15.5565],[-47.39956,-15.55617],[-47.39918,-15.55606],[-47.39901,-15.55549],[-47.39924,-15.55509],[-47.3989,-15.55442],[-47.39919,-15.55393],[-47.39889,-15.55381],[-47.39914,-15.55353],[-47.39814,-15.5533],[-47.39871,-15.55281],[-47.39863,-15.55228],[-47.39899,-15.55183],[-47.39885,-15.55145],[-47.39913,-15.55092],[-47.39941,-15.55086],[-47.40065,-15.55154],[-47.40102,-15.55135],[-47.40129,-15.55035],[-47.40162,-15.55056],[-47.40214,-15.55037],[-47.40224,-15.54995],[-47.40285,-15.54964],[-47.40282,-15.54929],[-47.40216,-15.54927],[-47.40248,-15.54865],[-47.40229,-15.54777],[-47.40381,-15.54705],[-47.40417,-15.54723],[-47.40462,-15.5468],[-47.40574,-15.54672],[-47.40694,-15.54682],[-47.4071,-15.54723],[-47.40755,-15.54726],[-47.40824,-15.54789],[-47.40967,-15.5479],[-47.41054,-15.54754],[-47.411,-15.54699],[-47.41214,-15.54712],[-47.41403,-15.54822],[-47.41609,-15.54631],[-47.41734,-15.54614],[-47.41762,-15.54553],[-47.41841,-15.54508],[-47.41841,-15.50182]],[[-47.6013,-15.62229],[-47.598,-15.62261],[-47.59733,-15.62246],[-47.59707,-15.62266],[-47.62441,-15.64139],[-47.62334,-15.64699],[-47.62239,-15.64728],[-47.6217,-15.64798],[-47.62144,-15.64877],[-47.62141,-15.65051],[-47.62069,-15.65157],[-47.60213,-15.65852],[-47.60144,-15.65885],[-47.60171,-15.65929],[-47.60121,-15.65998],[-47.60223,-15.66011],[-47.60309,-15.65966],[-47.60385,-15.66058],[-47.60505,-15.66006],[-47.60632,-15.66073],[-47.60813,-15.66004],[-47.6107,-15.66072],[-47.61188,-15.65951],[-47.61318,-15.65941],[-47.6147,-15.65869],[-47.61535,-15.65867],[-47.61589,-15.65894],[-47.61642,-15.65874],[-47.61665,-15.65829],[-47.61645,-15.6577],[-47.6168,-15.6574],[-47.61737,-15.65797],[-47.61829,-15.65772],[-47.61934,-15.65811],[-47.62089,-15.65743],[-47.6215,-15.65817],[-47.62391,-15.65748],[-47.62485,-15.65803],[-47.6251,-15.65759],[-47.62701,-15.65847],[-47.62797,-15.6581],[-47.62873,-15.65728],[-47.62913,-15.65749],[-47.63009,-15.65745],[-47.63082,-15.65793],[-47.63212,-15.65824],[-47.63339,-15.65827],[-47.63422,-15.65798],[-47.63519,-15.65929],[-47.63614,-15.65998],[-47.63662,-15.66078],[-47.63879,-15.662],[-47.63886,-15.66263],[-47.63963,-15.66336],[-47.63947,-15.66385],[-47.63982,-15.66434],[-47.6402,-15.66444],[-47.64052,-15.66357],[-47.6424,-15.66381],[-47.64229,-15.6633],[-47.64372,-15.66314],[-47.64381,-15.66352],[-47.64442,-15.66383],[-47.64494,-15.66451],[-47.64508,-15.66502],[-47.64536,-15.66484],[-47.64596,-15.66516],[-47.64597,-15.66543],[-47.64641,-15.6657],[-47.64634,-15.66611],[-47.64673,-15.6662],[-47.64672,-15.66661],[-47.64706,-15.66697],[-47.64709,-15.66599],[-47.64737,-15.66599],[-47.64907,-15.66919],[-47.64975,-15.66994],[-47.65054,-15.67008],[-47.65104,-15.67045],[-47.65133,-15.66959],[-47.65179,-15.66949],[-47.65247,-15.66872],[-47.65282,-15.66986],[-47.6532,-15.66982],[-47.65368,-15.67012],[-47.65434,-15.66991],[-47.65502,-15.67025],[-47.65532,-15.67074],[-47.65478,-15.67143],[-47.65489,-15.67175],[-47.65637,-15.67253],[-47.65641,-15.67211],[-47.65741,-15.6724],[-47.65776,-15.67218],[-47.65773,-15.67291],[-47.65805,-15.67322],[-47.65841,-15.67307],[-47.65868,-15.67334],[-47.65861,-15.67381],[-47.65954,-15.67379],[-47.65981,-15.67418],[-47.65982,-15.67486],[-47.66053,-15.6756],[-47.66133,-15.67535],[-47.66209,-15.67607],[-47.66274,-15.67582],[-47.66382,-15.67627],[-47.66449,-15.67578],[-47.66545,-15.67677],[-47.66592,-15.67685],[-47.66653,-15.67653],[-47.66675,-15.67588],[-47.66763,-15.6759],[-47.66798,-15.6753],[-47.66878,-15.67498],[-47.66923,-15.67513],[-47.66883,-15.67345],[-47.66802,-15.67245],[-47.66856,-15.67168],[-47.67014,-15.6721],[-47.67064,-15.67138],[-47.67125,-15.67143],[-47.67151,-15.67108],[-47.67067,-15.66997],[-47.67157,-15.66945],[-47.67025,-15.66855],[-47.66966,-15.66764],[-47.66846,-15.66695],[-47.6678,-15.66579],[-47.66697,-15.66536],[-47.66666,-15.66441],[-47.66593,-15.66331],[-47.66481,-15.66241],[-47.66262,-15.66179],[-47.66272,-15.66128],[-47.66208,-15.65642],[-47.6615,-15.65341],[-47.66123,-15.65042],[-47.66131,-15.64818],[-47.66659,-15.64838],[-47.66963,-15.64948],[-47.67112,-15.64973],[-47.6729,-15.6494],[-47.67471,-15.64841],[-47.67367,-15.64804],[-47.67187,-15.64638],[-47.67226,-15.6462],[-47.67224,-15.64568],[-47.67248,-15.64551],[-47.67209,-15.64545],[-47.67197,-15.6451],[-47.67242,-15.645],[-47.6723,-15.64421],[-47.67196,-15.64415],[-47.6718,-15.64355],[-47.67104,-15.64322],[-47.67126,-15.64273],[-47.67086,-15.6428],[-47.67004,-15.6422],[-47.67025,-15.64199],[-47.67002,-15.64181],[-47.67036,-15.64162],[-47.67018,-15.64129],[-47.67043,-15.64134],[-47.67081,-15.64078],[-47.67037,-15.64018],[-47.67065,-15.63963],[-47.67024,-15.6394],[-47.6703,-15.63865],[-47.66958,-15.63851],[-47.66975,-15.63814],[-47.66916,-15.63788],[-47.66946,-15.63765],[-47.66934,-15.63743],[-47.66816,-15.63746],[-47.66807,-15.63717],[-47.66834,-15.63708],[-47.66805,-15.63661],[-47.66756,-15.63657],[-47.66773,-15.63609],[-47.66712,-15.6363],[-47.66749,-15.63583],[-47.66715,-15.63592],[-47.66704,-15.63555],[-47.66765,-15.63521],[-47.66692,-15.6351],[-47.66707,-15.63461],[-47.66672,-15.63444],[-47.66742,-15.63421],[-47.66692,-15.63414],[-47.66695,-15.63348],[-47.66646,-15.6334],[-47.66625,-15.63309],[-47.66476,-15.63292],[-47.6597,-15.63517],[-47.65775,-15.63538],[-47.65609,-15.63522],[-47.65305,-15.63392],[-47.65147,-15.63265],[-47.65,-15.63242],[-47.64793,-15.63078],[-47.64476,-15.63014],[-47.64153,-15.62916],[-47.64148,-15.62843],[-47.64109,-15.62839],[-47.63935,-15.62838],[-47.63688,-15.62994],[-47.63525,-15.63011],[-47.63139,-15.63108],[-47.63,-15.63076],[-47.62841,-15.63088],[-47.62682,-15.62988],[-47.62704,-15.62719],[-47.62677,-15.62654],[-47.62541,-15.62611],[-47.62487,-15.62552],[-47.62442,-15.62561],[-47.62256,-15.62463],[-47.62133,-15.62453],[-47.61679,-15.62288],[-47.61529,-15.62304],[-47.61354,-15.62265],[-47.6113,-15.62254],[-47.61059,-15.62285],[-47.60878,-15.62273],[-47.60744,-15.62292],[-47.60537,-15.62239],[-47.60347,-15.62231],[-47.60238,-15.62255],[-47.6013,-15.62229]]]},"properties":{"ra_nome":"PLANALTINA","ra_codigo":"RA-VI"}},{"type":"Feature","geometry":{"type":"Polygon","coordinates":[[[-47.76185,-15.71331],[-47.76987,-15.72164],[-47.77281,-15.7236],[-47.77413,-15.72408],[-47.77667,-15.72451],[-47.78135,-15.72397],[-47.78162,-15.72444],[-47.79007,-15.72751],[-47.78399,-15.7432],[-47.79091,-15.74571],[-47.79151,-15.74807],[-47.78629,-15.74943],[-47.78701,-15.75219],[-47.78522,-15.75233],[-47.78469,-15.75595],[-47.7855,-15.75591],[-47.78641,-15.75769],[-47.78588,-15.75804],[-47.78517,-15.7581],[-47.78493,-15.75968],[-47.78421,-15.75976],[-47.78393,-15.76048],[-47.76225,-15.75263],[-47.7602,-15.75207],[-47.75783,-15.75196],[-47.75623,-15.75226],[-47.7541,-15.75309],[-47.73883,-15.76235],[-47.73599,-15.76309],[-47.73304,-15.76292],[-47.73106,-15.76223],[-47.72944,-15.7613],[-47.70461,-15.7438],[-47.69928,-15.741],[-47.68961,-15.73627],[-47.68769,-15.7359],[-47.68044,-15.73574],[-47.67946,-15.73539],[-47.67752,-15.73412],[-47.67578,-15.73424],[-47.67453,-15.7332],[-47.67586,-15.7323],[-47.67628,-15.73261],[-47.67686,-15.73246],[-47.67704,-15.7319],[-47.6779,-15.73262],[-47.67828,-15.73268],[-47.67889,-15.73391],[-47.67992,-15.734],[-47.68052,-15.73379],[-47.6815,-15.73282],[-47.68178,-15.73212],[-47.68293,-15.73215],[-47.68307,-15.73153],[-47.68352,-15.73117],[-47.68489,-15.7311],[-47.68513,-15.73041],[-47.68667,-15.72976],[-47.68693,-15.72942],[-47.68752,-15.72937],[-47.68794,-15.72869],[-47.68844,-15.7286],[-47.6887,-15.72782],[-47.68928,-15.72745],[-47.68948,-15.72695],[-47.69064,-15.72632],[-47.69145,-15.72651],[-47.69179,-15.72613],[-47.69233,-15.72619],[-47.693,-15.72585],[-47.69525,-15.72618],[-47.69627,-15.72689],[-47.69837,-15.72737],[-47.69875,-15.7271],[-47.70001,-15.72756],[-47.70089,-15.72737],[-47.70105,-15.72832],[-47.70179,-15.7284],[-47.70265,-15.72833],[-47.70281,-15.72802],[-47.70259,-15.72768],[-47.70303,-15.7273],[-47.70315,-15.72653],[-47.70387,-15.72627],[-47.70428,-15.72682],[-47.70508,-15.72709],[-47.70767,-15.72693],[-47.70928,-15.72757],[-47.70991,-15.72668],[-47.71021,-15.7266],[-47.71107,-15.72747],[-47.71245,-15.72777],[-47.71334,-15.72833],[-47.71409,-15.72798],[-47.71447,-15.72805],[-47.71464,-15.72763],[-47.71539,-15.72772],[-47.7167,-15.72708],[-47.71797,-15.72703],[-47.71868,-15.72559],[-47.71951,-15.72531],[-47.72112,-15.72653],[-47.72291,-15.72686],[-47.72381,-15.7266],[-47.72541,-15.72681],[-47.72552,-15.72719],[-47.72615,-15.72706],[-47.7277,-15.72787],[-47.72867,-15.72781],[-47.72924,-15.72835],[-47.73077,-15.72695],[-47.73188,-15.72679],[-47.73251,-15.72641],[-47.73287,-15.7266],[-47.7332,-15.72625],[-47.73435,-15.72681],[-47.7354,-15.72674],[-47.73686,-15.72788],[-47.73754,-15.72802],[-47.73822,-15.7277],[-47.74067,-15.72792],[-47.74182,-15.72749],[-47.74258,-15.72765],[-47.7435,-15.72669],[-47.74373,-15.72565],[-47.7444,-15.72532],[-47.74441,-15.72451],[-47.74561,-15.72401],[-47.74794,-15.72384],[-47.74815,-15.72353],[-47.74808,-15.72296],[-47.75008,-15.72183],[-47.75101,-15.72095],[-47.75114,-15.7202],[-47.75188,-15.71985],[-47.75208,-15.71947],[-47.75311,-15.719],[-47.75427,-15.71807],[-47.75582,-15.7181],[-47.75646,-15.7175],[-47.75706,-15.71771],[-47.75747,-15.71759],[-47.75916,-15.71578],[-47.75956,-15.715],[-47.76039,-15.71487],[-47.76167,-15.71417],[-47.76185,-15.71331]]]},"properties":{"ra_nome":"ITAPOÃ","ra_codigo":"RA-XXVIII"}},{"type":"Feature","geometry":{"type":"Polygon","coordinates":[[[-48.25135,-15.9554],[-48.2515,-15.95575],[-48.25193,-15.95593],[-48.25269,-15.95573],[-48.2533,-15.95586],[-48.2539,-15.95678],[-48.25467,-15.95709],[-48.25436,-15.95821],[-48.25457,-15.95903],[-48.25504,-15.95934],[-48.25586,-15.95945],[-48.25632,-15.95985],[-48.25523,-15.96058],[-48.2552,-15.96222],[-48.25665,-15.96146],[-48.25764,-15.96136],[-48.25747,-15.96209],[-48.25633,-15.96251],[-48.25598,-15.9632],[-48.25737,-15.96355],[-48.25771,-15.96491],[-48.25916,-15.96624],[-48.26022,-15.9668],[-48.26037,-15.96769],[-48.2601,-15.96805],[-48.26057,-15.96888],[-48.2597,-15.96969],[-48.25798,-15.97283],[-48.25848,-15.97355],[-48.25921,-15.97332],[-48.2597,-15.9742],[-48.25923,-15.97495],[-48.25903,-15.9765],[-48.25823,-15.9762],[-48.25793,-15.97636],[-48.25851,-15.97724],[-48.25806,-15.97771],[-48.25715,-15.97753],[-48.2565,-15.9771],[-48.25526,-15.97731],[-48.2544,-15.97702],[-48.25368,-15.97722],[-48.25336,-15.97644],[-48.25394,-15.97622],[-48.25347,-15.97588],[-48.25177,-15.97612],[-48.25142,-15.97567],[-48.2507,-15.97585],[-48.24927,-15.9755],[-48.24847,-15.97577],[-48.24834,-15.97551],[-48.24732,-15.97563],[-48.247,-15.97511],[-48.24699,-15.97454],[-48.24637,-15.97438],[-48.24659,-15.97394],[-48.24604,-15.97369],[-48.24608,-15.97331],[-48.24566,-15.97324],[-48.24609,-15.97232],[-48.24549,-15.9723],[-48.2447,-15.97271],[-48.24446,-15.97332],[-48.24358,-15.97281],[-48.2432,-15.97305],[-48.24281,-15.97257],[-48.24152,-15.97212],[-48.24121,-15.97166],[-48.24095,-15.97198],[-48.23997,-15.97185],[-48.24038,-15.97112],[-48.24022,-15.97084],[-48.2396,-15.97101],[-48.23905,-15.97182],[-48.23845,-15.97176],[-48.23817,-15.97256],[-48.23691,-15.97235],[-48.23584,-15.97188],[-48.23518,-15.9722],[-48.2346,-15.97182],[-48.23348,-15.97202],[-48.23307,-15.97173],[-48.23262,-15.97197],[-48.23145,-15.97158],[-48.23106,-15.97105],[-48.23042,-15.97105],[-48.22948,-15.97049],[-48.22852,-15.97124],[-48.22691,-15.97096],[-48.22644,-15.97147],[-48.22596,-15.97085],[-48.22521,-15.97133],[-48.22459,-15.97081],[-48.22474,-15.97013],[-48.22387,-15.96978],[-48.22351,-15.96989],[-48.22358,-15.97034],[-48.22315,-15.97072],[-48.22279,-15.9707],[-48.22249,-15.97036],[-48.22147,-15.97065],[-48.22074,-15.96944],[-48.21989,-15.9697],[-48.21903,-15.96904],[-48.21853,-15.96952],[-48.21837,-15.96913],[-48.21787,-15.96896],[-48.21795,-15.96835],[-48.21701,-15.96844],[-48.21698,-15.96798],[-48.21613,-15.96794],[-48.21597,-15.96749],[-48.21471,-15.96734],[-48.21384,-15.96595],[-48.21289,-15.96588],[-48.21231,-15.96621],[-48.21161,-15.96582],[-48.21114,-15.96515],[-48.20943,-15.96487],[-48.20889,-15.96523],[-48.20803,-15.96505],[-48.20741,-15.96461],[-48.20695,-15.96476],[-48.20671,-15.96434],[-48.20629,-15.96468],[-48.20595,-15.96414],[-48.2056,-15.96437],[-48.20472,-15.96425],[-48.20331,-15.96333],[-48.20167,-15.96313],[-48.20069,-15.96227],[-48.20002,-15.96259],[-48.19976,-15.96349],[-48.19922,-15.96343],[-48.19858,-15.96398],[-48.19556,-15.96269],[-48.19469,-15.96323],[-48.1942,-15.9631],[-48.19373,-15.96388],[-48.19313,-15.9639],[-48.19235,-15.96314],[-48.19257,-15.96284],[-48.1924,-15.96152],[-48.19197,-15.96152],[-48.19176,-15.96098],[-48.19206,-15.96071],[-48.19178,-15.96032],[-48.19103,-15.95998],[-48.18851,-15.95685],[-48.18841,-15.95615],[-48.18693,-15.95343],[-48.18698,-15.95199],[-48.18657,-15.94956],[-48.18717,-15.94756],[-48.18707,-15.94573],[-48.18572,-15.94554],[-48.18172,-15.94594],[-48.17912,-15.94668],[-48.17628,-15.94626],[-48.17301,-15.94708],[-48.17278,-15.94627],[-48.16311,-15.94685],[-48.16294,-15.9456],[-48.16108,-15.94267],[-48.1601,-15.94017],[-48.15883,-15.93874],[-48.15679,-15.93713],[-48.15564,-15.93699],[-48.15339,-15.9338],[-48.15314,-15.93444],[-48.15357,-15.94394],[-48.15337,-15.94714],[-48.15157,-15.94635],[-48.15038,-15.94541],[-48.14885,-15.94484],[-48.14721,-15.94353],[-48.14459,-15.94298],[-48.14379,-15.94321],[-48.14348,-15.94305],[-48.14188,-15.94324],[-48.14081,-15.94374],[-48.13948,-15.94396],[-48.13793,-15.94472],[-48.1358,-15.94521],[-48.13451,-15.94521],[-48.13339,-15.94486],[-48.13065,-15.94278],[-48.1285,-15.94248],[-48.1275,-15.94275],[-48.12669,-15.94221],[-48.12681,-15.94281],[-48.12656,-15.94342],[-48.12696,-15.94401],[-48.12673,-15.94528],[-48.12632,-15.94573],[-48.12669,-15.94601],[-48.12643,-15.94695],[-48.12568,-15.94699],[-48.12578,-15.94744],[-48.12539,-15.94782],[-48.12547,-15.94803],[-48.12436,-15.94902],[-48.12445,-15.94936],[-48.12387,-15.94966],[-48.12393,-15.9502],[-48.12295,-15.95172],[-48.123,-15.95223],[-48.12229,-15.95304],[-48.12254,-15.95423],[-48.12223,-15.95481],[-48.1224,-15.95512],[-48.12199,-15.95572],[-48.12171,-15.95537],[-48.12113,-15.95529],[-48.12118,-15.95472],[-48.12026,-15.95476],[-48.11978,-15.954],[-48.12017,-15.95397],[-48.12007,-15.95368],[-48.11882,-15.95375],[-48.11733,-15.9527],[-48.11728,-15.9531],[-48.11676,-15.95259],[-48.11637,-15.95298],[-48.11611,-15.95282],[-48.11625,-15.95238],[-48.11579,-15.95249],[-48.11602,-15.95209],[-48.1151,-15.95203],[-48.11415,-15.95109],[-48.11271,-15.95159],[-48.11199,-15.95131],[-48.11075,-15.94966],[-48.10907,-15.94857],[-48.10879,-15.94782],[-48.10821,-15.94741],[-48.10819,-15.94705],[-48.10731,-15.94666],[-48.10645,-15.9446],[-48.10596,-15.94425],[-48.10552,-15.94438],[-48.10509,-15.94294],[-48.1038,-15.94199],[-48.10327,-15.94102],[-48.10352,-15.94031],[-48.10218,-15.93724],[-48.10113,-15.93682],[-48.09986,-15.93555],[-48.09888,-15.93522],[-48.09831,-15.93442],[-48.09657,-15.93343],[-48.09633,-15.93286],[-48.09583,-15.93288],[-48.09439,-15.93225],[-48.09215,-15.93352],[-48.09135,-15.93447],[-48.09125,-15.93503],[-48.08283,-15.94168],[-48.08081,-15.93966],[-48.0797,-15.93903],[-48.07794,-15.93878],[-48.0759,-15.93941],[-48.06249,-15.94779],[-48.06155,-15.94812],[-48.05481,-15.95225],[-48.05278,-15.953],[-48.05077,-15.9533],[-48.04849,-15.95316],[-48.04393,-15.95165],[-48.04225,-15.95058],[-48.04074,-15.94919],[-48.03822,-15.94543],[-48.04054,-15.94197],[-48.04277,-15.93714],[-48.06034,-15.88245],[-48.06468,-15.88354],[-48.13765,-15.90554],[-48.14048,-15.9066],[-48.16075,-15.91274],[-48.16238,-15.91365],[-48.16376,-15.91529],[-48.1663,-15.92362],[-48.16981,-15.92267],[-48.17244,-15.91904],[-48.17371,-15.91828],[-48.17496,-15.91807],[-48.17747,-15.91864],[-48.17878,-15.91936],[-48.17929,-15.92007],[-48.18001,-15.92258],[-48.18076,-15.92329],[-48.18151,-15.92356],[-48.18305,-15.92334],[-48.18652,-15.92023],[-48.18817,-15.91961],[-48.18961,-15.91993],[-48.19939,-15.9237],[-48.21177,-15.9315],[-48.21909,-15.93485],[-48.21757,-15.93626],[-48.21713,-15.93717],[-48.21615,-15.93802],[-48.21355,-15.94253],[-48.21755,-15.94403],[-48.21698,-15.94491],[-48.21679,-15.94583],[-48.21563,-15.94699],[-48.21443,-15.94914],[-48.21301,-15.94971],[-48.21235,-15.95084],[-48.2108,-15.95254],[-48.21115,-15.95316],[-48.21272,-15.95466],[-48.21346,-15.95648],[-48.2151,-15.95764],[-48.21674,-15.95818],[-48.21995,-15.95832],[-48.22214,-15.95778],[-48.22326,-15.95547],[-48.22427,-15.9542],[-48.22695,-15.95292],[-48.22919,-15.95369],[-48.22935,-15.95333],[-48.22972,-15.95323],[-48.23131,-15.95405],[-48.23182,-15.95393],[-48.23207,-15.9535],[-48.23251,-15.95364],[-48.23306,-15.95321],[-48.23443,-15.95303],[-48.23643,-15.95321],[-48.23694,-15.95289],[-48.23697,-15.95242],[-48.23824,-15.95257],[-48.23866,-15.95239],[-48.23998,-15.9529],[-48.24109,-15.95284],[-48.24156,-15.95332],[-48.24259,-15.9529],[-48.24352,-15.95377],[-48.24413,-15.95398],[-48.24429,-15.95432],[-48.24511,-15.95471],[-48.24545,-15.95445],[-48.24579,-15.95474],[-48.24688,-15.95439],[-48.24718,-15.95454],[-48.24757,-15.95413],[-48.24802,-15.95412],[-48.24841,-15.95422],[-48.24856,-15.95458],[-48.24932,-15.95452],[-48.24937,-15.95495],[-48.25007,-15.95541],[-48.25135,-15.9554]]]},"properties":{"ra_nome":"RECANTO DAS EMAS","ra_codigo":"RA-XV"}},{"type":"Feature","geometry":{"type":"Polygon","coordinates":[[[-48.04743,-15.85948],[-48.04798,-15.85968],[-48.04951,-15.85751],[-48.05024,-15.85547],[-48.05382,-15.85696],[-48.0544,-15.85651],[-48.05654,-15.85743],[-48.05713,-15.85743],[-48.0607,-15.85869],[-48.06177,-15.85858],[-48.06438,-15.8572],[-48.06537,-15.85615],[-48.06671,-15.85358],[-48.06748,-15.85265],[-48.06764,-15.85162],[-48.0683,-15.85165],[-48.06949,-15.85213],[-48.07175,-15.84858],[-48.0731,-15.84739],[-48.0745,-15.8479],[-48.07511,-15.84615],[-48.07535,-15.8436],[-48.0766,-15.84381],[-48.07761,-15.84495],[-48.07897,-15.84545],[-48.07979,-15.84607],[-48.08041,-15.84597],[-48.08212,-15.84682],[-48.08289,-15.84695],[-48.0836,-15.84782],[-48.08332,-15.84826],[-48.08342,-15.84852],[-48.08412,-15.84853],[-48.08429,-15.84908],[-48.08598,-15.85026],[-48.08621,-15.85064],[-48.0873,-15.85092],[-48.08892,-15.85231],[-48.08993,-15.85267],[-48.09097,-15.85266],[-48.0919,-15.8534],[-48.09301,-15.85319],[-48.09391,-15.85369],[-48.09588,-15.854],[-48.09657,-15.85468],[-48.09703,-15.85459],[-48.09816,-15.8553],[-48.09934,-15.85523],[-48.09965,-15.85578],[-48.10051,-15.85637],[-48.10202,-15.85646],[-48.1027,-15.85736],[-48.10367,-15.857],[-48.10474,-15.85737],[-48.10553,-15.85731],[-48.10591,-15.85812],[-48.107,-15.85876],[-48.10752,-15.85971],[-48.10974,-15.86208],[-48.10988,-15.86267],[-48.10944,-15.86314],[-48.1095,-15.86367],[-48.11075,-15.86662],[-48.1126,-15.86751],[-48.11377,-15.86776],[-48.11549,-15.86736],[-48.11686,-15.86763],[-48.11769,-15.86689],[-48.11875,-15.86728],[-48.11926,-15.86688],[-48.12005,-15.86696],[-48.12048,-15.86677],[-48.12088,-15.86574],[-48.12132,-15.86543],[-48.12236,-15.86612],[-48.12358,-15.86653],[-48.1239,-15.86703],[-48.12464,-15.86748],[-48.1252,-15.86679],[-48.127,-15.86558],[-48.12838,-15.86534],[-48.12885,-15.86477],[-48.12957,-15.86464],[-48.13027,-15.86404],[-48.13105,-15.86454],[-48.13161,-15.86408],[-48.13186,-15.86343],[-48.13241,-15.86307],[-48.1327,-15.86305],[-48.13376,-15.86409],[-48.13537,-15.86432],[-48.13576,-15.86381],[-48.13726,-15.86358],[-48.13753,-15.86295],[-48.13828,-15.86252],[-48.13911,-15.86252],[-48.14051,-15.86163],[-48.14238,-15.861],[-48.14292,-15.86022],[-48.14347,-15.8601],[-48.14334,-15.85981],[-48.14357,-15.85915],[-48.14403,-15.85895],[-48.14413,-15.85864],[-48.14436,-15.85859],[-48.14458,-15.85891],[-48.14524,-15.85862],[-48.1461,-15.85696],[-48.14732,-15.85708],[-48.14826,-15.85593],[-48.14992,-15.8558],[-48.14994,-15.85491],[-48.15096,-15.85416],[-48.15295,-15.85431],[-48.15371,-15.8551],[-48.15519,-15.85452],[-48.15852,-15.85488],[-48.15944,-15.85433],[-48.16031,-15.85328],[-48.1607,-15.85344],[-48.161,-15.85326],[-48.16138,-15.85251],[-48.16251,-15.85275],[-48.16362,-15.85171],[-48.16425,-15.852],[-48.16447,-15.85289],[-48.16514,-15.85322],[-48.16581,-15.853],[-48.16687,-15.85332],[-48.16745,-15.85274],[-48.16786,-15.85264],[-48.16891,-15.85305],[-48.16892,-15.85396],[-48.17114,-15.85455],[-48.17198,-15.85549],[-48.17244,-15.85561],[-48.17298,-15.85532],[-48.17421,-15.85563],[-48.17578,-15.85751],[-48.17643,-15.85722],[-48.17694,-15.85733],[-48.17726,-15.85785],[-48.17728,-15.85866],[-48.17823,-15.86077],[-48.17762,-15.86148],[-48.17763,-15.86188],[-48.17795,-15.86211],[-48.18199,-15.86054],[-48.18225,-15.86066],[-48.18334,-15.86251],[-48.18323,-15.86331],[-48.18388,-15.86409],[-48.18346,-15.86448],[-48.18425,-15.8657],[-48.18481,-15.86584],[-48.18462,-15.86634],[-48.18537,-15.86703],[-48.18549,-15.86744],[-48.18589,-15.86741],[-48.1876,-15.86905],[-48.18873,-15.86933],[-48.18872,-15.86986],[-48.18938,-15.87036],[-48.18931,-15.87085],[-48.1895,-15.87111],[-48.19032,-15.87106],[-48.19094,-15.87163],[-48.19171,-15.87132],[-48.19237,-15.87153],[-48.19266,-15.8719],[-48.19179,-15.87232],[-48.19173,-15.87272],[-48.1922,-15.87247],[-48.19259,-15.87322],[-48.19319,-15.87316],[-48.19343,-15.87358],[-48.19313,-15.87397],[-48.19488,-15.87522],[-48.19481,-15.87548],[-48.19438,-15.87559],[-48.19574,-15.8772],[-48.19578,-15.87769],[-48.19619,-15.87754],[-48.19631,-15.87834],[-48.19669,-15.87854],[-48.19609,-15.8792],[-48.19684,-15.87943],[-48.1969,-15.88013],[-48.19783,-15.88071],[-48.1979,-15.88328],[-48.19863,-15.8828],[-48.19894,-15.88285],[-48.20027,-15.88435],[-48.19992,-15.88485],[-48.20083,-15.88574],[-48.20062,-15.8861],[-48.20069,-15.88733],[-48.20023,-15.88779],[-48.20053,-15.88849],[-48.20128,-15.88916],[-48.20208,-15.88942],[-48.20209,-15.88999],[-48.20243,-15.89051],[-48.20228,-15.89153],[-48.20364,-15.89153],[-48.20389,-15.89212],[-48.20464,-15.89136],[-48.20591,-15.89147],[-48.20603,-15.89185],[-48.20581,-15.89258],[-48.2068,-15.89375],[-48.20719,-15.89327],[-48.20827,-15.89301],[-48.20778,-15.89472],[-48.20838,-15.89566],[-48.20956,-15.89582],[-48.20973,-15.89641],[-48.21024,-15.89697],[-48.21099,-15.89664],[-48.21063,-15.89624],[-48.212,-15.89556],[-48.21264,-15.89649],[-48.21251,-15.89715],[-48.21308,-15.89761],[-48.21394,-15.89727],[-48.21448,-15.89775],[-48.21483,-15.89727],[-48.2169,-15.89743],[-48.21742,-15.89726],[-48.21819,-15.89763],[-48.21815,-15.89808],[-48.21861,-15.89912],[-48.21981,-15.89781],[-48.22046,-15.89878],[-48.22041,-15.89938],[-48.22004,-15.89978],[-48.22067,-15.90089],[-48.22135,-15.90109],[-48.22263,-15.90034],[-48.22324,-15.9009],[-48.22331,-15.90202],[-48.22455,-15.9026],[-48.22483,-15.90224],[-48.22432,-15.90165],[-48.22407,-15.90075],[-48.22453,-15.90067],[-48.22475,-15.9013],[-48.22638,-15.90102],[-48.22648,-15.89986],[-48.22744,-15.90042],[-48.22797,-15.90009],[-48.2288,-15.90018],[-48.22892,-15.9004],[-48.22869,-15.9008],[-48.22798,-15.90105],[-48.22793,-15.90131],[-48.22847,-15.90182],[-48.22941,-15.90178],[-48.23062,-15.90153],[-48.23064,-15.9012],[-48.23025,-15.90087],[-48.23045,-15.90055],[-48.23075,-15.9006],[-48.23166,-15.90158],[-48.23191,-15.90068],[-48.23382,-15.90048],[-48.23417,-15.90058],[-48.2344,-15.90104],[-48.23514,-15.90067],[-48.23478,-15.90042],[-48.23505,-15.89898],[-48.23541,-15.89909],[-48.2356,-15.89991],[-48.23625,-15.8993],[-48.2371,-15.89911],[-48.23721,-15.89936],[-48.23642,-15.9],[-48.23699,-15.90095],[-48.23689,-15.90149],[-48.23585,-15.9027],[-48.23679,-15.90363],[-48.238,-15.90356],[-48.23857,-15.90382],[-48.24033,-15.90273],[-48.24004,-15.90354],[-48.24074,-15.90455],[-48.24158,-15.90487],[-48.24243,-15.90466],[-48.24351,-15.90539],[-48.24429,-15.90633],[-48.24597,-15.90702],[-48.24636,-15.90747],[-48.24715,-15.90708],[-48.24713,-15.90765],[-48.24678,-15.90803],[-48.24686,-15.9093],[-48.24747,-15.90872],[-48.24801,-15.90946],[-48.24867,-15.90854],[-48.24927,-15.90878],[-48.25049,-15.90861],[-48.25091,-15.90907],[-48.25163,-15.90902],[-48.25267,-15.90986],[-48.25248,-15.91058],[-48.25331,-15.91161],[-48.25352,-15.91154],[-48.25353,-15.91095],[-48.25374,-15.91076],[-48.25437,-15.91139],[-48.25486,-15.91147],[-48.25507,-15.91212],[-48.25551,-15.91253],[-48.25485,-15.9132],[-48.25502,-15.91387],[-48.25435,-15.91523],[-48.25489,-15.91514],[-48.25519,-15.91603],[-48.25412,-15.91623],[-48.25371,-15.91677],[-48.25412,-15.91709],[-48.25503,-15.91724],[-48.25631,-15.91712],[-48.25631,-15.91785],[-48.2578,-15.91792],[-48.25815,-15.91816],[-48.25791,-15.91911],[-48.25832,-15.92011],[-48.2592,-15.92072],[-48.25955,-15.92179],[-48.25845,-15.92333],[-48.2588,-15.92429],[-48.25931,-15.92456],[-48.25929,-15.9248],[-48.25833,-15.92487],[-48.25875,-15.92558],[-48.25892,-15.92745],[-48.25934,-15.92782],[-48.25901,-15.92846],[-48.25919,-15.92922],[-48.25857,-15.93021],[-48.25882,-15.93132],[-48.25779,-15.93231],[-48.25729,-15.93229],[-48.25675,-15.9319],[-48.25575,-15.93228],[-48.25449,-15.93686],[-48.25237,-15.93584],[-48.25241,-15.93545],[-48.25052,-15.93373],[-48.24994,-15.93354],[-48.24941,-15.93388],[-48.2483,-15.93387],[-48.24713,-15.93349],[-48.24662,-15.93326],[-48.24586,-15.93196],[-48.24266,-15.93192],[-48.24065,-15.93069],[-48.24001,-15.92938],[-48.23866,-15.92917],[-48.23796,-15.92966],[-48.23704,-15.93112],[-48.23497,-15.93291],[-48.23474,-15.93342],[-48.2344,-15.9334],[-48.23435,-15.9337],[-48.23482,-15.93448],[-48.23457,-15.93468],[-48.2347,-15.93494],[-48.23432,-15.93489],[-48.23397,-15.93529],[-48.23356,-15.93514],[-48.23309,-15.93449],[-48.23317,-15.93398],[-48.2328,-15.93395],[-48.23227,-15.93429],[-48.23229,-15.93361],[-48.23164,-15.93366],[-48.23103,-15.93322],[-48.23051,-15.93347],[-48.23028,-15.9324],[-48.22992,-15.93183],[-48.22909,-15.93239],[-48.22849,-15.93135],[-48.22772,-15.93209],[-48.22722,-15.93216],[-48.22688,-15.93299],[-48.22649,-15.93269],[-48.22627,-15.93401],[-48.22458,-15.9343],[-48.22436,-15.93403],[-48.22444,-15.93459],[-48.22368,-15.93455],[-48.22329,-15.93544],[-48.22271,-15.93601],[-48.22216,-15.93552],[-48.22184,-15.93558],[-48.22174,-15.93445],[-48.22023,-15.93402],[-48.22008,-15.93434],[-48.21942,-15.93439],[-48.21909,-15.93485],[-48.21272,-15.93203],[-48.19995,-15.92397],[-48.18889,-15.9197],[-48.18798,-15.91962],[-48.18688,-15.91998],[-48.18336,-15.92316],[-48.18176,-15.9236],[-48.18076,-15.92329],[-48.18001,-15.92258],[-48.17929,-15.92007],[-48.17842,-15.91908],[-48.17561,-15.91812],[-48.17416,-15.91816],[-48.173,-15.91862],[-48.1722,-15.91928],[-48.16981,-15.92267],[-48.1663,-15.92362],[-48.16376,-15.91529],[-48.16238,-15.91365],[-48.16075,-15.91274],[-48.14048,-15.9066],[-48.13765,-15.90554],[-48.06468,-15.88354],[-48.05874,-15.88197],[-48.0547,-15.88021],[-48.04745,-15.87539],[-48.04771,-15.87504],[-48.03747,-15.86819],[-48.03992,-15.86363],[-48.04368,-15.86338],[-48.04472,-15.86145],[-48.04509,-15.86164],[-48.04555,-15.86078],[-48.04581,-15.86092],[-48.04624,-15.86012],[-48.0465,-15.86025],[-48.04743,-15.85948]]]},"properties":{"ra_nome":"SAMAMBAIA","ra_codigo":"RA-XII"}},{"type":"Feature","geometry":{"type":"Polygon","coordinates":[[[-47.89151,-15.97127],[-47.89239,-15.96934],[-47.92796,-15.98231],[-47.93134,-15.98328],[-47.93545,-15.98389],[-47.9404,-15.98385],[-47.94492,-15.98305],[-47.9663,-15.97565],[-47.97177,-15.97458],[-47.97498,-15.97442],[-47.97841,-15.97464],[-47.98957,-15.97677],[-47.99868,-15.9782],[-48.00081,-15.97825],[-48.00453,-15.97783],[-48.00709,-15.9862],[-48.00946,-15.99024],[-48.01062,-15.99289],[-48.01153,-15.99705],[-48.01231,-15.99743],[-48.01245,-15.99775],[-48.01327,-15.99796],[-48.01345,-15.99864],[-48.01401,-15.99926],[-48.01499,-15.9995],[-48.01571,-16.00015],[-48.01617,-16.00022],[-48.01776,-16.0017],[-48.01799,-16.00266],[-48.01894,-16.00277],[-48.01915,-16.00311],[-48.02073,-16.0041],[-48.02112,-16.00521],[-48.0215,-16.00514],[-48.02301,-16.00613],[-48.02587,-16.00848],[-48.02648,-16.00848],[-48.02757,-16.009],[-48.02779,-16.00957],[-48.02819,-16.00972],[-48.02819,-16.01021],[-48.02925,-16.01067],[-48.03009,-16.01198],[-48.03026,-16.01187],[-48.03142,-16.01277],[-48.0324,-16.01429],[-48.0335,-16.01479],[-48.03457,-16.01591],[-48.03515,-16.01602],[-48.03643,-16.01744],[-48.03744,-16.01792],[-48.03803,-16.01841],[-48.03816,-16.01887],[-48.03953,-16.01971],[-48.03955,-16.02002],[-48.04002,-16.01999],[-48.04056,-16.02032],[-48.04198,-16.01963],[-48.04298,-16.01986],[-48.04366,-16.01949],[-48.04505,-16.02022],[-48.0456,-16.02078],[-48.04597,-16.02272],[-48.0465,-16.02398],[-48.04783,-16.0256],[-48.04806,-16.02703],[-48.04883,-16.02721],[-48.04922,-16.02759],[-48.04915,-16.02836],[-48.04949,-16.02857],[-48.04928,-16.02921],[-48.04952,-16.02989],[-48.05084,-16.03091],[-48.05159,-16.03311],[-48.05335,-16.03557],[-48.05408,-16.03711],[-48.05405,-16.03747],[-48.05201,-16.0363],[-48.05072,-16.03591],[-48.04949,-16.03597],[-48.04816,-16.03647],[-48.04712,-16.0374],[-48.04296,-16.043],[-48.0486,-16.05009],[-47.88854,-16.05028],[-47.88765,-16.04913],[-47.88525,-16.0472],[-47.88422,-16.0467],[-47.88262,-16.04674],[-47.88159,-16.04606],[-47.88097,-16.04518],[-47.88074,-16.0441],[-47.87911,-16.04291],[-47.87924,-16.04221],[-47.8789,-16.04163],[-47.87647,-16.04038],[-47.87574,-16.0393],[-47.8739,-16.03886],[-47.87303,-16.03936],[-47.87267,-16.0391],[-47.87259,-16.03856],[-47.87152,-16.03814],[-47.87113,-16.03835],[-47.87053,-16.03792],[-47.87019,-16.03809],[-47.8693,-16.03797],[-47.8685,-16.03742],[-47.86868,-16.03681],[-47.86915,-16.0364],[-47.86958,-16.03499],[-47.8707,-16.0344],[-47.87094,-16.0332],[-47.87149,-16.03283],[-47.87177,-16.03193],[-47.87258,-16.03167],[-47.87261,-16.03071],[-47.87354,-16.02865],[-47.87488,-16.02725],[-47.87491,-16.02493],[-47.8758,-16.02267],[-47.87672,-16.02164],[-47.87714,-16.02078],[-47.87692,-16.02018],[-47.87713,-16.01962],[-47.8769,-16.01811],[-47.87572,-16.01669],[-47.87498,-16.01534],[-47.87452,-16.01502],[-47.87394,-16.01504],[-47.87202,-16.01388],[-47.87154,-16.01387],[-47.87054,-16.01276],[-47.87153,-16.0124],[-47.87244,-16.01089],[-47.87323,-16.01101],[-47.87385,-16.01077],[-47.87555,-16.00772],[-47.87616,-16.00522],[-47.87778,-16.00204],[-47.87843,-16.00015],[-47.87839,-15.99846],[-47.87793,-15.99682],[-47.87834,-15.99389],[-47.87912,-15.99224],[-47.88043,-15.99029],[-47.88036,-15.9885],[-47.88087,-15.98744],[-47.88096,-15.98645],[-47.88165,-15.98472],[-47.88301,-15.98268],[-47.88405,-15.98053],[-47.88473,-15.97784],[-47.88544,-15.97711],[-47.88755,-15.97665],[-47.88795,-15.97547],[-47.8888,-15.97452],[-47.88942,-15.9728],[-47.88934,-15.97208],[-47.89005,-15.97174],[-47.89016,-15.97108],[-47.89151,-15.97127]]]},"properties":{"ra_nome":"SANTA MARIA","ra_codigo":"RA-XIII"}},{"type":"Feature","geometry":{"type":"Polygon","coordinates":[[[-47.7909,-15.87513],[-47.79169,-15.87487],[-47.79232,-15.87515],[-47.79483,-15.87511],[-47.79521,-15.87546],[-47.79675,-15.87574],[-47.79851,-15.87744],[-47.79905,-15.87747],[-47.79999,-15.87914],[-47.80152,-15.87968],[-47.80221,-15.88094],[-47.80213,-15.88118],[-47.80178,-15.8812],[-47.79795,-15.881],[-47.79563,-15.87945],[-47.79548,-15.8796],[-47.79534,-15.88028],[-47.79557,-15.88102],[-47.79514,-15.88182],[-47.79606,-15.88309],[-47.79642,-15.88591],[-47.79619,-15.88628],[-47.79513,-15.88688],[-47.79537,-15.88774],[-47.79532,-15.88895],[-47.79374,-15.89042],[-47.79434,-15.89113],[-47.79536,-15.89169],[-47.79278,-15.89321],[-47.7929,-15.89365],[-47.79411,-15.89512],[-47.79446,-15.89681],[-47.79443,-15.89707],[-47.79296,-15.89768],[-47.79432,-15.90074],[-47.794,-15.90198],[-47.79383,-15.90224],[-47.7926,-15.90263],[-47.79216,-15.9032],[-47.79047,-15.90385],[-47.78995,-15.90631],[-47.78852,-15.90652],[-47.78752,-15.90704],[-47.78653,-15.9072],[-47.78464,-15.90838],[-47.78405,-15.90964],[-47.78338,-15.91006],[-47.78267,-15.91148],[-47.78239,-15.91262],[-47.78198,-15.91294],[-47.7806,-15.9135],[-47.77815,-15.91288],[-47.77574,-15.91329],[-47.77472,-15.91294],[-47.7745,-15.91316],[-47.77409,-15.91303],[-47.77302,-15.91236],[-47.77247,-15.91246],[-47.77353,-15.91384],[-47.77448,-15.91407],[-47.77515,-15.91482],[-47.77549,-15.91615],[-47.77614,-15.91631],[-47.77666,-15.91689],[-47.77657,-15.91803],[-47.77707,-15.9188],[-47.77738,-15.92037],[-47.77778,-15.92061],[-47.77774,-15.92125],[-47.77813,-15.92156],[-47.77813,-15.92235],[-47.77884,-15.92312],[-47.77961,-15.92316],[-47.78033,-15.92371],[-47.78485,-15.92455],[-47.78638,-15.92505],[-47.7873,-15.92493],[-47.78987,-15.92594],[-47.79141,-15.92595],[-47.79217,-15.92636],[-47.79569,-15.92678],[-47.79729,-15.92767],[-47.79829,-15.92772],[-47.79999,-15.92835],[-47.80138,-15.92961],[-47.80186,-15.92964],[-47.80248,-15.93063],[-47.80396,-15.93133],[-47.80454,-15.93132],[-47.80497,-15.93201],[-47.80478,-15.9326],[-47.80746,-15.93877],[-47.80652,-15.93948],[-47.80572,-15.93969],[-47.80548,-15.94074],[-47.80504,-15.94133],[-47.80433,-15.94137],[-47.80342,-15.9419],[-47.80304,-15.94292],[-47.80245,-15.94332],[-47.80149,-15.94511],[-47.80067,-15.94568],[-47.80051,-15.94629],[-47.79943,-15.94681],[-47.79859,-15.94805],[-47.7981,-15.94809],[-47.79747,-15.94861],[-47.79731,-15.94933],[-47.79684,-15.94967],[-47.79683,-15.94992],[-47.79655,-15.94995],[-47.79659,-15.95023],[-47.79597,-15.95059],[-47.79529,-15.95176],[-47.79466,-15.95209],[-47.79406,-15.95284],[-47.79374,-15.95376],[-47.79406,-15.95413],[-47.79331,-15.955],[-47.79348,-15.95528],[-47.79333,-15.95618],[-47.79396,-15.95712],[-47.79279,-15.95791],[-47.79216,-15.95903],[-47.79161,-15.95905],[-47.79151,-15.95972],[-47.79028,-15.95985],[-47.78971,-15.96072],[-47.78759,-15.96202],[-47.78572,-15.96206],[-47.78374,-15.96297],[-47.78336,-15.96275],[-47.78315,-15.96312],[-47.7824,-15.96293],[-47.78161,-15.96361],[-47.78032,-15.96409],[-47.77961,-15.96384],[-47.77884,-15.96435],[-47.77866,-15.96406],[-47.77844,-15.96441],[-47.77679,-15.96453],[-47.77656,-15.96497],[-47.77593,-15.96494],[-47.77545,-15.96535],[-47.77491,-15.96542],[-47.77488,-15.96572],[-47.7742,-15.96547],[-47.77392,-15.96567],[-47.77354,-15.96541],[-47.77314,-15.96578],[-47.77293,-15.96557],[-47.77193,-15.96602],[-47.77156,-15.96671],[-47.77077,-15.96664],[-47.77034,-15.96735],[-47.7694,-15.96743],[-47.76893,-15.96808],[-47.76815,-15.96861],[-47.76667,-15.96891],[-47.76623,-15.96934],[-47.76498,-15.96917],[-47.76426,-15.9694],[-47.76356,-15.97036],[-47.76177,-15.97179],[-47.76165,-15.97236],[-47.76066,-15.97233],[-47.75968,-15.97312],[-47.76023,-15.97317],[-47.76106,-15.97365],[-47.76191,-15.97485],[-47.76297,-15.97546],[-47.76437,-15.9775],[-47.76516,-15.97917],[-47.76768,-15.97964],[-47.76873,-15.98113],[-47.76991,-15.98148],[-47.77192,-15.98295],[-47.77312,-15.98346],[-47.77503,-15.98302],[-47.77626,-15.98396],[-47.77855,-15.98493],[-47.77825,-15.98556],[-47.77832,-15.98625],[-47.77932,-15.98786],[-47.7797,-15.989],[-47.7795,-15.98962],[-47.7694,-16.00076],[-47.7677,-16.00438],[-47.76637,-16.00588],[-47.76601,-16.00671],[-47.76259,-16.00937],[-47.76274,-16.01144],[-47.76244,-16.01413],[-47.76423,-16.01763],[-47.76457,-16.01929],[-47.76436,-16.02032],[-47.76361,-16.02164],[-47.762,-16.02287],[-47.76073,-16.02481],[-47.75972,-16.02749],[-47.75952,-16.02825],[-47.75984,-16.02936],[-47.76071,-16.03056],[-47.73399,-16.03187],[-47.73173,-16.03016],[-47.73131,-16.03076],[-47.73043,-16.03101],[-47.72744,-16.03564],[-47.72764,-16.04046],[-47.72679,-16.04072],[-47.72488,-16.04197],[-47.72258,-16.04394],[-47.72117,-16.05036],[-47.61733,-16.05034],[-47.61452,-16.0157],[-47.61416,-16.01401],[-47.59831,-15.98819],[-47.59509,-15.98397],[-47.58881,-15.9738],[-47.58729,-15.96974],[-47.60706,-15.93822],[-47.60863,-15.93719],[-47.61085,-15.93688],[-47.61702,-15.93854],[-47.61838,-15.93917],[-47.62946,-15.94759],[-47.63061,-15.94977],[-47.63094,-15.95275],[-47.63149,-15.95424],[-47.63232,-15.95539],[-47.63432,-15.95709],[-47.6372,-15.96031],[-47.64232,-15.96306],[-47.64786,-15.96835],[-47.6503,-15.9692],[-47.65291,-15.96893],[-47.65507,-15.96769],[-47.65929,-15.96367],[-47.66198,-15.96239],[-47.66195,-15.96206],[-47.6629,-15.96129],[-47.66335,-15.96056],[-47.66357,-15.9596],[-47.6633,-15.95888],[-47.66209,-15.95878],[-47.66185,-15.9574],[-47.66146,-15.95662],[-47.65983,-15.95581],[-47.65967,-15.9551],[-47.65986,-15.95438],[-47.66059,-15.95388],[-47.66255,-15.95395],[-47.66292,-15.95296],[-47.66383,-15.95246],[-47.66424,-15.95245],[-47.66518,-15.95298],[-47.66662,-15.95189],[-47.66686,-15.95002],[-47.66869,-15.94617],[-47.6688,-15.94554],[-47.66853,-15.94498],[-47.66753,-15.94471],[-47.6668,-15.94408],[-47.66638,-15.9429],[-47.66671,-15.94265],[-47.6676,-15.94312],[-47.66877,-15.94333],[-47.66923,-15.94299],[-47.66832,-15.94121],[-47.66858,-15.93944],[-47.6683,-15.93816],[-47.66944,-15.93737],[-47.6696,-15.93693],[-47.66828,-15.93433],[-47.66881,-15.93338],[-47.67113,-15.93068],[-47.67004,-15.92968],[-47.66983,-15.92896],[-47.6715,-15.92907],[-47.67177,-15.92871],[-47.67169,-15.92764],[-47.67199,-15.92746],[-47.67449,-15.92812],[-47.67598,-15.93004],[-47.67643,-15.93022],[-47.67726,-15.9286],[-47.67718,-15.92715],[-47.67692,-15.92615],[-47.6755,-15.92476],[-47.67533,-15.92413],[-47.67601,-15.92359],[-47.67746,-15.92347],[-47.67781,-15.92219],[-47.67923,-15.92143],[-47.68061,-15.91886],[-47.68136,-15.91899],[-47.68096,-15.91993],[-47.68146,-15.92136],[-47.68189,-15.92149],[-47.68229,-15.92122],[-47.68264,-15.91896],[-47.68226,-15.91678],[-47.68313,-15.9153],[-47.68453,-15.91514],[-47.68468,-15.91477],[-47.68429,-15.91442],[-47.68248,-15.91452],[-47.68062,-15.91253],[-47.68029,-15.91181],[-47.68039,-15.91137],[-47.68192,-15.9112],[-47.68183,-15.91024],[-47.68217,-15.90988],[-47.6835,-15.91023],[-47.68408,-15.90964],[-47.6848,-15.90957],[-47.68547,-15.91135],[-47.68711,-15.91178],[-47.68803,-15.91159],[-47.68821,-15.9111],[-47.68689,-15.90928],[-47.6875,-15.90672],[-47.68789,-15.9063],[-47.68878,-15.90614],[-47.68891,-15.90672],[-47.68842,-15.90816],[-47.68878,-15.90871],[-47.68941,-15.9087],[-47.68991,-15.90666],[-47.69119,-15.90572],[-47.69158,-15.90395],[-47.69191,-15.90405],[-47.69228,-15.90469],[-47.69169,-15.90548],[-47.69164,-15.90591],[-47.693,-15.90722],[-47.69405,-15.90722],[-47.6942,-15.90685],[-47.69362,-15.90558],[-47.69311,-15.90504],[-47.69321,-15.90479],[-47.69411,-15.90458],[-47.6962,-15.9054],[-47.69681,-15.9054],[-47.69681,-15.90454],[-47.69635,-15.90344],[-47.69835,-15.90364],[-47.69882,-15.90296],[-47.6987,-15.90254],[-47.6976,-15.90179],[-47.69752,-15.89945],[-47.69815,-15.89925],[-47.69935,-15.90021],[-47.69983,-15.90011],[-47.69989,-15.89973],[-47.69894,-15.89808],[-47.69897,-15.89753],[-47.69926,-15.89722],[-47.70267,-15.89771],[-47.70253,-15.89729],[-47.70108,-15.89624],[-47.70054,-15.8955],[-47.70047,-15.89495],[-47.70152,-15.89423],[-47.70233,-15.89522],[-47.70296,-15.89552],[-47.70405,-15.89233],[-47.70548,-15.89293],[-47.70705,-15.89421],[-47.70722,-15.89356],[-47.70755,-15.89374],[-47.70868,-15.8931],[-47.70958,-15.89316],[-47.70956,-15.8934],[-47.70921,-15.89355],[-47.70925,-15.89384],[-47.71024,-15.89469],[-47.71045,-15.89446],[-47.71036,-15.89395],[-47.71254,-15.89252],[-47.71362,-15.89325],[-47.7136,-15.89434],[-47.71463,-15.89425],[-47.71462,-15.89398],[-47.71408,-15.89365],[-47.71407,-15.89306],[-47.7142,-15.89263],[-47.71482,-15.89219],[-47.71707,-15.89205],[-47.7178,-15.89225],[-47.71835,-15.89187],[-47.71898,-15.89193],[-47.71975,-15.89161],[-47.72028,-15.89113],[-47.72116,-15.89146],[-47.72212,-15.89136],[-47.72251,-15.89161],[-47.72287,-15.89123],[-47.72351,-15.89105],[-47.72435,-15.89149],[-47.72467,-15.89203],[-47.7251,-15.89196],[-47.72559,-15.8924],[-47.72635,-15.89221],[-47.72678,-15.89281],[-47.72747,-15.89286],[-47.72827,-15.8935],[-47.72891,-15.8947],[-47.72941,-15.89489],[-47.73013,-15.8959],[-47.73081,-15.89612],[-47.7328,-15.8981],[-47.73392,-15.89858],[-47.73494,-15.89836],[-47.73594,-15.89868],[-47.73656,-15.89921],[-47.73729,-15.89895],[-47.73765,-15.89913],[-47.73828,-15.89841],[-47.73856,-15.89861],[-47.74035,-15.89848],[-47.74204,-15.89897],[-47.74169,-15.89978],[-47.74206,-15.90027],[-47.74241,-15.90014],[-47.74241,-15.89956],[-47.74304,-15.8995],[-47.74348,-15.89993],[-47.74432,-15.90019],[-47.74449,-15.9005],[-47.74542,-15.90077],[-47.74556,-15.90047],[-47.74639,-15.90081],[-47.74683,-15.90152],[-47.74737,-15.90128],[-47.74818,-15.90151],[-47.74848,-15.90109],[-47.74972,-15.90156],[-47.75082,-15.9015],[-47.75184,-15.90176],[-47.75216,-15.90226],[-47.75309,-15.90276],[-47.75348,-15.90262],[-47.75435,-15.90299],[-47.75469,-15.90255],[-47.75537,-15.90238],[-47.75574,-15.90243],[-47.75595,-15.90273],[-47.75634,-15.90247],[-47.7573,-15.90254],[-47.75914,-15.90108],[-47.7615,-15.90307],[-47.76164,-15.90259],[-47.76257,-15.90173],[-47.76319,-15.90045],[-47.76443,-15.89968],[-47.7646,-15.89902],[-47.76496,-15.89872],[-47.76478,-15.89829],[-47.76497,-15.89802],[-47.7669,-15.89685],[-47.76702,-15.89618],[-47.76803,-15.89512],[-47.76833,-15.89321],[-47.77094,-15.89135],[-47.77102,-15.89018],[-47.7729,-15.88807],[-47.77351,-15.88634],[-47.77412,-15.88552],[-47.77726,-15.88471],[-47.77775,-15.88416],[-47.77781,-15.88366],[-47.77837,-15.88278],[-47.77838,-15.88203],[-47.78018,-15.88171],[-47.78177,-15.88075],[-47.78217,-15.88091],[-47.78242,-15.88046],[-47.7849,-15.87939],[-47.785,-15.87877],[-47.78545,-15.87876],[-47.78613,-15.87817],[-47.78617,-15.87766],[-47.78737,-15.87661],[-47.78952,-15.87545],[-47.7909,-15.87513]]]},"properties":{"ra_nome":"SÃO SEBASTIÃO","ra_codigo":"RA-XIV"}},{"type":"Feature","geometry":{"type":"Polygon","coordinates":[[[-47.96747,-15.53149],[-47.96982,-15.53019],[-47.97046,-15.52923],[-47.97046,-15.52835],[-47.96903,-15.52553],[-47.96916,-15.52443],[-47.97316,-15.52034],[-47.97345,-15.51975],[-47.97329,-15.5143],[-47.97406,-15.51062],[-47.97402,-15.50706],[-47.97455,-15.50512],[-47.97596,-15.50243],[-48.03478,-15.50241],[-48.03413,-15.50361],[-48.03415,-15.50477],[-48.03693,-15.51051],[-48.03942,-15.51663],[-48.03973,-15.5179],[-48.03976,-15.51942],[-48.03897,-15.52511],[-48.03791,-15.52767],[-48.03523,-15.53149],[-48.03448,-15.5316],[-48.03241,-15.53061],[-48.03187,-15.53095],[-48.03178,-15.53145],[-48.03314,-15.53356],[-48.04157,-15.54122],[-48.0424,-15.54222],[-48.04373,-15.54525],[-48.04388,-15.54664],[-48.04372,-15.54772],[-48.04309,-15.54925],[-48.04192,-15.55058],[-48.03591,-15.5542],[-48.0349,-15.55515],[-48.03419,-15.55622],[-48.03372,-15.55759],[-48.0336,-15.55888],[-48.03387,-15.56023],[-48.03535,-15.56358],[-48.03532,-15.56456],[-48.03482,-15.56555],[-48.02488,-15.57301],[-48.017,-15.5824],[-48.01349,-15.5795],[-48.01022,-15.57819],[-48.00841,-15.57796],[-48.00615,-15.57812],[-48.0041,-15.5787],[-48.0024,-15.5796],[-47.95657,-15.61432],[-47.88366,-15.6678],[-47.86085,-15.68729],[-47.8595,-15.68823],[-47.85478,-15.68722],[-47.82889,-15.67889],[-47.82661,-15.67763],[-47.81259,-15.66804],[-47.80904,-15.66636],[-47.81061,-15.66421],[-47.81231,-15.66292],[-47.81254,-15.66213],[-47.81232,-15.66113],[-47.8129,-15.66047],[-47.8128,-15.65972],[-47.81338,-15.65929],[-47.81458,-15.65743],[-47.81546,-15.65736],[-47.8155,-15.65676],[-47.81636,-15.656],[-47.81633,-15.65559],[-47.81718,-15.6545],[-47.81744,-15.65376],[-47.81649,-15.65257],[-47.81597,-15.64981],[-47.8139,-15.64721],[-47.81284,-15.64625],[-47.8127,-15.64528],[-47.81191,-15.64469],[-47.81184,-15.64409],[-47.81226,-15.64343],[-47.81966,-15.64132],[-47.82024,-15.64097],[-47.8209,-15.63991],[-47.82186,-15.63691],[-47.82259,-15.63565],[-47.82287,-15.63459],[-47.82425,-15.63224],[-47.82459,-15.6311],[-47.8248,-15.62624],[-47.82443,-15.62487],[-47.82364,-15.62354],[-47.82229,-15.62234],[-47.82105,-15.62177],[-47.8192,-15.62148],[-47.81684,-15.62181],[-47.81604,-15.62151],[-47.81577,-15.6211],[-47.81576,-15.62078],[-47.81846,-15.61571],[-47.81958,-15.61207],[-47.82016,-15.61106],[-47.82876,-15.6047],[-47.82946,-15.60408],[-47.83007,-15.60296],[-47.83395,-15.60261],[-47.83414,-15.59976],[-47.83448,-15.5992],[-47.83598,-15.59831],[-47.83718,-15.59833],[-47.83771,-15.59873],[-47.8387,-15.59849],[-47.84058,-15.59874],[-47.84106,-15.59848],[-47.84175,-15.59715],[-47.84284,-15.59601],[-47.84294,-15.5956],[-47.84336,-15.59541],[-47.84393,-15.59571],[-47.84442,-15.59544],[-47.84483,-15.59621],[-47.84596,-15.59663],[-47.84644,-15.59664],[-47.84669,-15.59623],[-47.84728,-15.59599],[-47.84814,-15.59621],[-47.8492,-15.59707],[-47.84995,-15.59652],[-47.85055,-15.59676],[-47.85126,-15.59651],[-47.85253,-15.59726],[-47.85265,-15.59761],[-47.85328,-15.5974],[-47.85457,-15.59793],[-47.85514,-15.59767],[-47.856,-15.59811],[-47.85648,-15.59753],[-47.8571,-15.59839],[-47.85711,-15.59885],[-47.85788,-15.59913],[-47.85797,-15.5989],[-47.85767,-15.59867],[-47.85782,-15.59854],[-47.85873,-15.59901],[-47.85844,-15.59939],[-47.85859,-15.60019],[-47.85816,-15.60056],[-47.85781,-15.60141],[-47.85907,-15.60252],[-47.85906,-15.60314],[-47.86145,-15.60175],[-47.86284,-15.60198],[-47.8625,-15.60299],[-47.86214,-15.60299],[-47.86213,-15.60426],[-47.86169,-15.6043],[-47.86155,-15.60475],[-47.86215,-15.60585],[-47.86188,-15.60604],[-47.86194,-15.60651],[-47.86152,-15.60675],[-47.86155,-15.60722],[-47.86184,-15.60725],[-47.86132,-15.60832],[-47.86163,-15.60895],[-47.86038,-15.60933],[-47.86033,-15.60974],[-47.86056,-15.60985],[-47.86038,-15.61054],[-47.8609,-15.61071],[-47.86119,-15.61124],[-47.86161,-15.61329],[-47.86211,-15.61328],[-47.86265,-15.61452],[-47.86437,-15.61634],[-47.8654,-15.61677],[-47.86561,-15.61707],[-47.8659,-15.61844],[-47.86569,-15.6194],[-47.86525,-15.62006],[-47.86608,-15.62018],[-47.86706,-15.61993],[-47.86848,-15.61835],[-47.86913,-15.61378],[-47.87052,-15.61216],[-47.87033,-15.61326],[-47.87205,-15.61425],[-47.87356,-15.61367],[-47.87487,-15.61405],[-47.87518,-15.6146],[-47.87643,-15.61552],[-47.87645,-15.61638],[-47.87722,-15.61732],[-47.87785,-15.61661],[-47.87829,-15.61669],[-47.88032,-15.61606],[-47.88171,-15.61647],[-47.88378,-15.61753],[-47.88607,-15.61615],[-47.88593,-15.61547],[-47.88636,-15.61509],[-47.88761,-15.61172],[-47.88848,-15.61053],[-47.89031,-15.6089],[-47.89193,-15.60837],[-47.89223,-15.60763],[-47.89174,-15.60692],[-47.8921,-15.60602],[-47.8912,-15.60499],[-47.89154,-15.60393],[-47.89115,-15.60352],[-47.89109,-15.60289],[-47.89082,-15.60287],[-47.89089,-15.60255],[-47.89037,-15.602],[-47.89048,-15.60122],[-47.88978,-15.60026],[-47.88992,-15.59864],[-47.88936,-15.59862],[-47.88896,-15.5977],[-47.88849,-15.59724],[-47.88867,-15.59662],[-47.88813,-15.59622],[-47.88757,-15.59473],[-47.88822,-15.59451],[-47.88737,-15.5939],[-47.88681,-15.59461],[-47.88648,-15.59457],[-47.88614,-15.59415],[-47.88694,-15.59391],[-47.88689,-15.59328],[-47.88519,-15.59334],[-47.88511,-15.59245],[-47.8861,-15.59258],[-47.88618,-15.59233],[-47.88899,-15.59331],[-47.89009,-15.59335],[-47.89556,-15.59035],[-47.89621,-15.59025],[-47.89699,-15.59056],[-47.90019,-15.59317],[-47.90114,-15.59368],[-47.90229,-15.59386],[-47.91347,-15.59119],[-47.92478,-15.58743],[-47.92647,-15.58659],[-47.93152,-15.58162],[-47.93587,-15.57859],[-47.93672,-15.57734],[-47.93792,-15.57371],[-47.93832,-15.57327],[-47.93899,-15.57321],[-47.94372,-15.57471],[-47.94703,-15.5733],[-47.94815,-15.57475],[-47.94867,-15.57507],[-47.9504,-15.57565],[-47.95123,-15.57531],[-47.95437,-15.57036],[-47.95577,-15.56535],[-47.95542,-15.56435],[-47.95089,-15.55879],[-47.95086,-15.55756],[-47.95208,-15.55359],[-47.9518,-15.55286],[-47.95054,-15.55152],[-47.95043,-15.55082],[-47.95586,-15.54521],[-47.95834,-15.54219],[-47.95962,-15.54126],[-47.96256,-15.53975],[-47.96525,-15.53757],[-47.9657,-15.5368],[-47.967,-15.53215],[-47.96747,-15.53149]]]},"properties":{"ra_nome":"SOBRADINHO II","ra_codigo":"RA-XXVI"}},{"type":"Feature","geometry":{"type":"Polygon","coordinates":[[[-48.23646,-15.9317],[-48.23804,-15.92958],[-48.23866,-15.92917],[-48.23978,-15.9293],[-48.24001,-15.92938],[-48.24065,-15.93069],[-48.24266,-15.93192],[-48.24591,-15.93197],[-48.24672,-15.93333],[-48.2483,-15.93387],[-48.24941,-15.93388],[-48.24994,-15.93354],[-48.25052,-15.93373],[-48.25246,-15.93551],[-48.25132,-15.93775],[-48.2527,-15.94021],[-48.25219,-15.94132],[-48.25275,-15.94247],[-48.2529,-15.94421],[-48.25246,-15.94479],[-48.25203,-15.94487],[-48.2517,-15.94405],[-48.25085,-15.94382],[-48.25016,-15.94768],[-48.2506,-15.94814],[-48.25166,-15.9478],[-48.25323,-15.94638],[-48.25356,-15.9468],[-48.2535,-15.94829],[-48.25327,-15.94858],[-48.25249,-15.94836],[-48.25214,-15.94884],[-48.25191,-15.95274],[-48.25138,-15.95402],[-48.25135,-15.9554],[-48.25007,-15.95541],[-48.24937,-15.95495],[-48.24932,-15.95452],[-48.24856,-15.95458],[-48.24841,-15.95422],[-48.24802,-15.95412],[-48.24757,-15.95413],[-48.24718,-15.95454],[-48.24688,-15.95439],[-48.24579,-15.95474],[-48.24545,-15.95445],[-48.24511,-15.95471],[-48.24429,-15.95432],[-48.24413,-15.95398],[-48.24352,-15.95377],[-48.24259,-15.9529],[-48.24156,-15.95332],[-48.24109,-15.95284],[-48.23998,-15.9529],[-48.23884,-15.95241],[-48.23824,-15.95257],[-48.23712,-15.95239],[-48.23688,-15.95254],[-48.23694,-15.95289],[-48.23643,-15.95321],[-48.23443,-15.95303],[-48.23306,-15.95321],[-48.23251,-15.95364],[-48.23207,-15.9535],[-48.23182,-15.95393],[-48.23131,-15.95405],[-48.22972,-15.95323],[-48.22935,-15.95333],[-48.22919,-15.95369],[-48.2275,-15.95306],[-48.22662,-15.953],[-48.22427,-15.9542],[-48.22326,-15.95547],[-48.22214,-15.95778],[-48.22015,-15.95832],[-48.21645,-15.95811],[-48.21484,-15.9575],[-48.21346,-15.95648],[-48.21272,-15.95466],[-48.21115,-15.95316],[-48.2108,-15.95254],[-48.21235,-15.95084],[-48.21301,-15.94971],[-48.21443,-15.94914],[-48.21563,-15.94699],[-48.21666,-15.94606],[-48.21698,-15.94491],[-48.21755,-15.94403],[-48.21355,-15.94253],[-48.21613,-15.93805],[-48.21713,-15.93717],[-48.21757,-15.93626],[-48.21942,-15.93439],[-48.22008,-15.93434],[-48.22036,-15.93401],[-48.22174,-15.93445],[-48.22184,-15.93558],[-48.22216,-15.93552],[-48.22277,-15.936],[-48.22368,-15.93455],[-48.22444,-15.93459],[-48.22436,-15.93403],[-48.22458,-15.9343],[-48.22627,-15.93401],[-48.22649,-15.93269],[-48.22688,-15.93299],[-48.22722,-15.93216],[-48.22772,-15.93209],[-48.22849,-15.93135],[-48.22909,-15.93239],[-48.22992,-15.93183],[-48.23028,-15.9324],[-48.23051,-15.93347],[-48.23103,-15.93322],[-48.23164,-15.93366],[-48.23229,-15.93361],[-48.23227,-15.93429],[-48.2328,-15.93395],[-48.23317,-15.93398],[-48.23309,-15.93449],[-48.23356,-15.93514],[-48.23397,-15.93529],[-48.23432,-15.93489],[-48.2347,-15.93494],[-48.23457,-15.93468],[-48.23482,-15.93448],[-48.23435,-15.9337],[-48.2344,-15.9334],[-48.23474,-15.93342],[-48.23497,-15.93291],[-48.23646,-15.9317]]]},"properties":{"ra_nome":"AGUA QUENTE","ra_codigo":"RA-XXXV"}},{"type":"Feature","geometry":{"type":"Polygon","coordinates":[[[-48.20825,-15.74034],[-48.20556,-15.74704],[-48.20561,-15.75034],[-48.20344,-15.75038],[-48.19675,-15.74944],[-48.19327,-15.74859],[-48.18951,-15.74722],[-48.1888,-15.74666],[-48.18639,-15.74623],[-48.18531,-15.74645],[-48.18092,-15.74863],[-48.17591,-15.75182],[-48.17511,-15.75274],[-48.17466,-15.75286],[-48.17426,-15.7526],[-48.17388,-15.75185],[-48.17394,-15.7509],[-48.17244,-15.75065],[-48.17123,-15.75128],[-48.16987,-15.75241],[-48.16736,-15.75328],[-48.16741,-15.75362],[-48.16673,-15.75472],[-48.16603,-15.75543],[-48.1654,-15.75547],[-48.16474,-15.75659],[-48.16407,-15.75653],[-48.16389,-15.75687],[-48.16336,-15.75682],[-48.16298,-15.75756],[-48.16126,-15.75911],[-48.16084,-15.75999],[-48.15983,-15.76072],[-48.15989,-15.76121],[-48.15951,-15.76172],[-48.15963,-15.76207],[-48.15901,-15.76215],[-48.15922,-15.76301],[-48.15889,-15.76367],[-48.15851,-15.76326],[-48.15827,-15.7633],[-48.15861,-15.76373],[-48.15757,-15.76429],[-48.15814,-15.76441],[-48.15813,-15.76483],[-48.15844,-15.76513],[-48.15798,-15.76628],[-48.15825,-15.76652],[-48.1583,-15.76706],[-48.15712,-15.7675],[-48.15636,-15.76729],[-48.15576,-15.76761],[-48.15199,-15.76814],[-48.15092,-15.76801],[-48.14974,-15.7687],[-48.14916,-15.76867],[-48.14846,-15.76901],[-48.14716,-15.76861],[-48.14527,-15.76882],[-48.14382,-15.76806],[-48.14279,-15.76827],[-48.14221,-15.76791],[-48.1418,-15.76797],[-48.14161,-15.76764],[-48.13823,-15.76817],[-48.13754,-15.7677],[-48.13591,-15.7682],[-48.13559,-15.76783],[-48.13475,-15.76788],[-48.13426,-15.76932],[-48.13388,-15.76968],[-48.132,-15.76968],[-48.13235,-15.77051],[-48.13154,-15.77141],[-48.12989,-15.77085],[-48.12863,-15.76962],[-48.12757,-15.76958],[-48.12693,-15.76984],[-48.1264,-15.76969],[-48.1263,-15.76921],[-48.12579,-15.76911],[-48.12566,-15.76881],[-48.12526,-15.769],[-48.12507,-15.76961],[-48.1246,-15.76992],[-48.12373,-15.77001],[-48.12321,-15.76954],[-48.12235,-15.76993],[-48.12103,-15.77002],[-48.1208,-15.77076],[-48.12025,-15.77107],[-48.11882,-15.77073],[-48.11722,-15.77115],[-48.11631,-15.77104],[-48.1142,-15.77147],[-48.11229,-15.77055],[-48.1109,-15.77026],[-48.10915,-15.7692],[-48.10867,-15.76904],[-48.10775,-15.76929],[-48.10523,-15.76757],[-48.10267,-15.76685],[-48.10036,-15.76565],[-48.0989,-15.76527],[-48.09736,-15.76589],[-48.09631,-15.76527],[-48.09452,-15.76502],[-48.09204,-15.76364],[-48.09133,-15.76349],[-48.08863,-15.76155],[-48.0874,-15.76141],[-48.0852,-15.76006],[-48.08366,-15.75987],[-48.08287,-15.75931],[-48.08158,-15.75931],[-48.0808,-15.75879],[-48.08052,-15.75826],[-48.07988,-15.75794],[-48.07692,-15.75711],[-48.07568,-15.75796],[-48.0751,-15.75772],[-48.07488,-15.75814],[-48.07259,-15.75902],[-48.07125,-15.75867],[-48.0688,-15.75944],[-48.0683,-15.75853],[-48.06708,-15.75772],[-48.06643,-15.7569],[-48.06574,-15.75509],[-48.06566,-15.75422],[-48.06652,-15.75207],[-48.06712,-15.75141],[-48.06679,-15.75026],[-48.06774,-15.74967],[-48.0678,-15.74873],[-48.06826,-15.74811],[-48.06847,-15.74696],[-48.07035,-15.74501],[-48.07151,-15.74241],[-48.07251,-15.74137],[-48.07217,-15.74037],[-48.07225,-15.73981],[-48.07367,-15.73759],[-48.07329,-15.73701],[-48.07291,-15.73685],[-48.07291,-15.73646],[-48.07455,-15.73594],[-48.0771,-15.73468],[-48.08195,-15.73149],[-48.08417,-15.7292],[-48.08597,-15.72556],[-48.08652,-15.72315],[-48.08675,-15.72042],[-48.08966,-15.68078],[-48.08964,-15.67784],[-48.07682,-15.63305],[-48.07594,-15.63069],[-48.07456,-15.62845],[-48.07261,-15.62636],[-48.07,-15.62456],[-48.04862,-15.61475],[-48.04525,-15.61259],[-48.04352,-15.6109],[-48.0279,-15.592],[-48.017,-15.5824],[-48.02488,-15.57301],[-48.03482,-15.56555],[-48.03532,-15.56456],[-48.03535,-15.56358],[-48.03387,-15.56023],[-48.0336,-15.55888],[-48.03372,-15.55759],[-48.03419,-15.55622],[-48.0349,-15.55515],[-48.03591,-15.5542],[-48.04192,-15.55058],[-48.04309,-15.54925],[-48.04372,-15.54772],[-48.04388,-15.54664],[-48.04373,-15.54525],[-48.0424,-15.54222],[-48.04157,-15.54122],[-48.03314,-15.53356],[-48.03178,-15.53145],[-48.03187,-15.53095],[-48.03241,-15.53061],[-48.03448,-15.5316],[-48.03523,-15.53149],[-48.03791,-15.52767],[-48.03897,-15.52511],[-48.03976,-15.51942],[-48.03973,-15.5179],[-48.03942,-15.51663],[-48.03693,-15.51051],[-48.03415,-15.50477],[-48.03413,-15.50361],[-48.03478,-15.50241],[-48.20001,-15.50228],[-48.20001,-15.62311],[-48.20136,-15.62293],[-48.20146,-15.62327],[-48.20229,-15.62337],[-48.20247,-15.62381],[-48.20293,-15.6239],[-48.20358,-15.62446],[-48.20513,-15.62372],[-48.20603,-15.62371],[-48.20779,-15.62306],[-48.20906,-15.62315],[-48.21159,-15.62254],[-48.21417,-15.62291],[-48.21654,-15.62213],[-48.21722,-15.62218],[-48.21789,-15.62284],[-48.21856,-15.62433],[-48.2199,-15.62579],[-48.22066,-15.62735],[-48.22348,-15.62831],[-48.22521,-15.62969],[-48.2259,-15.63051],[-48.22609,-15.63144],[-48.22862,-15.63381],[-48.22981,-15.63764],[-48.23177,-15.63925],[-48.23261,-15.64049],[-48.23395,-15.64115],[-48.2341,-15.64232],[-48.23453,-15.64327],[-48.23507,-15.64702],[-48.23551,-15.64839],[-48.23626,-15.64946],[-48.23656,-15.65059],[-48.23628,-15.65256],[-48.23598,-15.65291],[-48.23558,-15.65444],[-48.23475,-15.65601],[-48.23368,-15.65737],[-48.23462,-15.65891],[-48.23516,-15.66159],[-48.23461,-15.6656],[-48.23464,-15.66729],[-48.2351,-15.6688],[-48.2355,-15.66897],[-48.23543,-15.66941],[-48.23591,-15.66989],[-48.2366,-15.67187],[-48.23695,-15.67227],[-48.23792,-15.67639],[-48.23874,-15.67865],[-48.23906,-15.67877],[-48.23894,-15.67936],[-48.23954,-15.67954],[-48.23938,-15.68009],[-48.23958,-15.68223],[-48.24151,-15.68705],[-48.24121,-15.68735],[-48.24136,-15.68802],[-48.2411,-15.6885],[-48.24131,-15.69087],[-48.24073,-15.69191],[-48.24063,-15.69281],[-48.24091,-15.69314],[-48.24133,-15.69306],[-48.24154,-15.69387],[-48.2405,-15.69446],[-48.24018,-15.695],[-48.23977,-15.69504],[-48.23958,-15.6964],[-48.2392,-15.69686],[-48.23969,-15.69866],[-48.23948,-15.69883],[-48.23992,-15.69903],[-48.24007,-15.69943],[-48.23983,-15.70016],[-48.24002,-15.70033],[-48.23997,-15.70116],[-48.24021,-15.70117],[-48.24051,-15.70188],[-48.24033,-15.70298],[-48.24077,-15.70363],[-48.24142,-15.70373],[-48.24154,-15.70428],[-48.24108,-15.70497],[-48.24129,-15.70534],[-48.24093,-15.70601],[-48.23931,-15.70718],[-48.23899,-15.70777],[-48.23766,-15.70844],[-48.23693,-15.70792],[-48.23648,-15.70866],[-48.23588,-15.70895],[-48.2354,-15.70867],[-48.2348,-15.70895],[-48.23344,-15.70851],[-48.23269,-15.70905],[-48.23257,-15.70952],[-48.2317,-15.70966],[-48.2314,-15.70959],[-48.23145,-15.7092],[-48.231,-15.70962],[-48.23062,-15.70965],[-48.23004,-15.70928],[-48.22877,-15.70928],[-48.22744,-15.70839],[-48.22752,-15.70896],[-48.22653,-15.7091],[-48.22641,-15.70947],[-48.22593,-15.7094],[-48.22532,-15.70976],[-48.22495,-15.70955],[-48.22459,-15.70978],[-48.22394,-15.70953],[-48.22356,-15.70887],[-48.22329,-15.709],[-48.22275,-15.70814],[-48.22249,-15.70816],[-48.22234,-15.70859],[-48.22202,-15.70818],[-48.22134,-15.70902],[-48.2205,-15.70868],[-48.21883,-15.709],[-48.21723,-15.70989],[-48.21588,-15.71014],[-48.21027,-15.71276],[-48.20778,-15.71767],[-48.20771,-15.7238],[-48.20661,-15.73225],[-48.20825,-15.74034]]]},"properties":{"ra_nome":"BRAZLÂNDIA","ra_codigo":"RA-IV"}},{"type":"Feature","geometry":{"type":"Polygon","coordinates":[[[-47.7718,-15.50276],[-47.77207,-15.50237],[-47.97596,-15.50243],[-47.97455,-15.50512],[-47.97402,-15.50706],[-47.97406,-15.51062],[-47.97329,-15.5143],[-47.97345,-15.51975],[-47.97316,-15.52034],[-47.96939,-15.52412],[-47.96899,-15.52496],[-47.96913,-15.52577],[-47.97046,-15.52835],[-47.97027,-15.52969],[-47.96982,-15.53019],[-47.96747,-15.53149],[-47.96708,-15.53195],[-47.9657,-15.5368],[-47.96525,-15.53757],[-47.96256,-15.53975],[-47.95962,-15.54126],[-47.95834,-15.54219],[-47.95586,-15.54521],[-47.95043,-15.55082],[-47.95054,-15.55152],[-47.9518,-15.55286],[-47.95208,-15.55359],[-47.95086,-15.55756],[-47.95089,-15.55879],[-47.95542,-15.56435],[-47.95577,-15.56535],[-47.95437,-15.57036],[-47.95123,-15.57531],[-47.9504,-15.57565],[-47.94867,-15.57507],[-47.94815,-15.57475],[-47.94703,-15.5733],[-47.94372,-15.57471],[-47.93899,-15.57321],[-47.93832,-15.57327],[-47.93792,-15.57371],[-47.93672,-15.57734],[-47.93587,-15.57859],[-47.93152,-15.58162],[-47.92647,-15.58659],[-47.92478,-15.58743],[-47.91347,-15.59119],[-47.90229,-15.59386],[-47.90114,-15.59368],[-47.90019,-15.59317],[-47.89699,-15.59056],[-47.89621,-15.59025],[-47.89556,-15.59035],[-47.89009,-15.59335],[-47.88899,-15.59331],[-47.88618,-15.59233],[-47.8861,-15.59258],[-47.88511,-15.59245],[-47.88519,-15.59334],[-47.88689,-15.59328],[-47.88694,-15.59391],[-47.88614,-15.59415],[-47.88648,-15.59457],[-47.88681,-15.59461],[-47.88737,-15.5939],[-47.88822,-15.59451],[-47.88757,-15.59473],[-47.88813,-15.59622],[-47.88867,-15.59662],[-47.88849,-15.59724],[-47.88896,-15.5977],[-47.88936,-15.59862],[-47.88992,-15.59864],[-47.88978,-15.60026],[-47.89048,-15.60122],[-47.89037,-15.602],[-47.89089,-15.60255],[-47.89082,-15.60287],[-47.89109,-15.60289],[-47.89115,-15.60352],[-47.89154,-15.60393],[-47.89121,-15.60506],[-47.8921,-15.60602],[-47.89174,-15.60683],[-47.89223,-15.60756],[-47.89193,-15.60837],[-47.89031,-15.6089],[-47.88848,-15.61053],[-47.88761,-15.61172],[-47.88636,-15.61509],[-47.88593,-15.61547],[-47.88607,-15.61615],[-47.88378,-15.61753],[-47.88171,-15.61647],[-47.88032,-15.61606],[-47.87829,-15.61669],[-47.87785,-15.61661],[-47.87722,-15.61732],[-47.87645,-15.61638],[-47.87643,-15.61552],[-47.87518,-15.6146],[-47.87487,-15.61405],[-47.87356,-15.61367],[-47.87205,-15.61425],[-47.87033,-15.61326],[-47.87052,-15.61216],[-47.86913,-15.61378],[-47.86848,-15.61835],[-47.86742,-15.61965],[-47.86608,-15.62018],[-47.86525,-15.62006],[-47.86569,-15.6194],[-47.8659,-15.61844],[-47.86557,-15.61702],[-47.86437,-15.61634],[-47.86265,-15.61452],[-47.86211,-15.61328],[-47.86161,-15.61329],[-47.86119,-15.61124],[-47.8609,-15.61071],[-47.86038,-15.61054],[-47.86056,-15.60985],[-47.86033,-15.60974],[-47.86038,-15.60933],[-47.86163,-15.60895],[-47.86132,-15.60832],[-47.86184,-15.60725],[-47.86155,-15.60722],[-47.86152,-15.60675],[-47.86194,-15.60651],[-47.86188,-15.60604],[-47.86215,-15.60585],[-47.86155,-15.60475],[-47.86169,-15.6043],[-47.86213,-15.60426],[-47.86214,-15.60299],[-47.8625,-15.60299],[-47.86282,-15.60195],[-47.86145,-15.60175],[-47.85906,-15.60314],[-47.85907,-15.60252],[-47.85781,-15.60141],[-47.85816,-15.60056],[-47.85859,-15.60019],[-47.85844,-15.59939],[-47.85873,-15.59901],[-47.85782,-15.59854],[-47.85767,-15.59867],[-47.85797,-15.5989],[-47.85788,-15.59913],[-47.85711,-15.59885],[-47.8571,-15.59839],[-47.85648,-15.59753],[-47.856,-15.59811],[-47.85514,-15.59767],[-47.85457,-15.59793],[-47.85328,-15.5974],[-47.85265,-15.59761],[-47.85253,-15.59726],[-47.85126,-15.59651],[-47.85055,-15.59676],[-47.84995,-15.59652],[-47.8492,-15.59707],[-47.84814,-15.59621],[-47.84728,-15.59599],[-47.84669,-15.59623],[-47.84644,-15.59664],[-47.84596,-15.59663],[-47.84483,-15.59621],[-47.84442,-15.59544],[-47.84393,-15.59571],[-47.84336,-15.59541],[-47.84294,-15.5956],[-47.84284,-15.59601],[-47.84175,-15.59715],[-47.84106,-15.59848],[-47.84053,-15.59876],[-47.8387,-15.59849],[-47.83771,-15.59873],[-47.83718,-15.59833],[-47.83582,-15.59835],[-47.83616,-15.59587],[-47.83669,-15.59367],[-47.83699,-15.5932],[-47.84191,-15.59098],[-47.84304,-15.59013],[-47.84228,-15.5894],[-47.84095,-15.58901],[-47.84097,-15.5886],[-47.84236,-15.58841],[-47.84376,-15.58743],[-47.84402,-15.58643],[-47.84394,-15.58435],[-47.84423,-15.58366],[-47.8436,-15.58291],[-47.84393,-15.58165],[-47.84347,-15.58118],[-47.84305,-15.58111],[-47.84319,-15.58062],[-47.84295,-15.57989],[-47.8435,-15.57863],[-47.84255,-15.57688],[-47.84374,-15.5746],[-47.84383,-15.5733],[-47.84354,-15.573],[-47.84303,-15.57307],[-47.84288,-15.5725],[-47.84162,-15.57251],[-47.84156,-15.57212],[-47.84028,-15.57177],[-47.83991,-15.57131],[-47.83954,-15.57157],[-47.83927,-15.57095],[-47.83914,-15.56893],[-47.83981,-15.56893],[-47.84004,-15.56779],[-47.84049,-15.56715],[-47.84118,-15.56682],[-47.84087,-15.56659],[-47.84103,-15.56597],[-47.84085,-15.56562],[-47.84023,-15.5657],[-47.83989,-15.56514],[-47.83924,-15.56491],[-47.83887,-15.56346],[-47.83899,-15.56218],[-47.83954,-15.56198],[-47.83952,-15.56159],[-47.84029,-15.56131],[-47.84084,-15.55989],[-47.84061,-15.55784],[-47.84109,-15.55717],[-47.83595,-15.55016],[-47.83541,-15.54871],[-47.83537,-15.54768],[-47.8364,-15.54269],[-47.83657,-15.54059],[-47.83593,-15.53219],[-47.83582,-15.5314],[-47.83544,-15.53077],[-47.83477,-15.5303],[-47.83027,-15.52985],[-47.81501,-15.52378],[-47.8131,-15.5234],[-47.81,-15.52369],[-47.80533,-15.52529],[-47.80353,-15.52562],[-47.79267,-15.52435],[-47.79114,-15.52446],[-47.78097,-15.52873],[-47.77764,-15.52954],[-47.77588,-15.52953],[-47.77467,-15.52924],[-47.77316,-15.52853],[-47.77086,-15.52692],[-47.7698,-15.52657],[-47.76843,-15.52663],[-47.76551,-15.5276],[-47.76379,-15.52734],[-47.76402,-15.52674],[-47.76374,-15.52656],[-47.76403,-15.52609],[-47.76359,-15.52543],[-47.76402,-15.52541],[-47.76414,-15.52519],[-47.7631,-15.52398],[-47.76275,-15.5248],[-47.76196,-15.52436],[-47.76227,-15.52364],[-47.76161,-15.52294],[-47.76158,-15.52046],[-47.76215,-15.52096],[-47.76223,-15.51993],[-47.76314,-15.51989],[-47.76387,-15.5204],[-47.76404,-15.51969],[-47.76435,-15.51955],[-47.76471,-15.51973],[-47.76583,-15.52168],[-47.76601,-15.52154],[-47.76564,-15.52073],[-47.76571,-15.52034],[-47.76795,-15.52087],[-47.76803,-15.5207],[-47.76738,-15.52011],[-47.76753,-15.5195],[-47.76691,-15.51922],[-47.76826,-15.51897],[-47.7681,-15.51821],[-47.76847,-15.51766],[-47.76847,-15.51722],[-47.76927,-15.51744],[-47.77003,-15.51714],[-47.77068,-15.51657],[-47.77043,-15.51596],[-47.77079,-15.51566],[-47.7711,-15.51596],[-47.77209,-15.51606],[-47.77245,-15.5155],[-47.77185,-15.51519],[-47.77177,-15.5147],[-47.77228,-15.51503],[-47.77355,-15.5148],[-47.77424,-15.51492],[-47.77302,-15.51391],[-47.77317,-15.51468],[-47.77119,-15.51418],[-47.77169,-15.51305],[-47.77246,-15.51216],[-47.77251,-15.51114],[-47.77224,-15.51079],[-47.771,-15.5104],[-47.77113,-15.50995],[-47.77169,-15.50975],[-47.77174,-15.50908],[-47.77149,-15.50847],[-47.771,-15.50829],[-47.7714,-15.50893],[-47.77109,-15.50913],[-47.77062,-15.50903],[-47.77015,-15.50859],[-47.77029,-15.50692],[-47.77108,-15.50481],[-47.77103,-15.50333],[-47.77127,-15.50294],[-47.7718,-15.50276]]]},"properties":{"ra_nome":"FERCAL","ra_codigo":"RA-XXXI"}},{"type":"Feature","geometry":{"type":"Polygon","coordinates":[[[-47.79636,-15.88477],[-47.79606,-15.88309],[-47.79514,-15.88182],[-47.79556,-15.8811],[-47.79535,-15.88012],[-47.79563,-15.87945],[-47.79795,-15.881],[-47.80213,-15.88118],[-47.80221,-15.88094],[-47.80152,-15.87968],[-47.79999,-15.87914],[-47.79905,-15.87747],[-47.79851,-15.87744],[-47.79675,-15.87574],[-47.79521,-15.87546],[-47.79483,-15.87511],[-47.79232,-15.87515],[-47.79169,-15.87487],[-47.78952,-15.87545],[-47.78693,-15.87692],[-47.78617,-15.87766],[-47.78613,-15.87817],[-47.78545,-15.87876],[-47.785,-15.87877],[-47.7849,-15.87939],[-47.78242,-15.88046],[-47.78217,-15.88091],[-47.78177,-15.88075],[-47.78018,-15.88171],[-47.77838,-15.88203],[-47.77837,-15.88278],[-47.77781,-15.88366],[-47.77775,-15.88416],[-47.77726,-15.88471],[-47.77666,-15.885],[-47.77485,-15.88526],[-47.77394,-15.88569],[-47.7729,-15.88807],[-47.77102,-15.89018],[-47.77094,-15.89135],[-47.76833,-15.89321],[-47.76803,-15.89512],[-47.76702,-15.89618],[-47.7669,-15.89685],[-47.76497,-15.89802],[-47.76478,-15.89829],[-47.76496,-15.89872],[-47.7646,-15.89902],[-47.76443,-15.89968],[-47.76319,-15.90045],[-47.76257,-15.90173],[-47.76164,-15.90259],[-47.7615,-15.90307],[-47.75914,-15.90108],[-47.7573,-15.90254],[-47.75634,-15.90247],[-47.75595,-15.90273],[-47.75574,-15.90243],[-47.75537,-15.90238],[-47.75469,-15.90255],[-47.75435,-15.90299],[-47.75348,-15.90262],[-47.75309,-15.90276],[-47.75216,-15.90226],[-47.75184,-15.90176],[-47.75082,-15.9015],[-47.74972,-15.90156],[-47.74848,-15.90109],[-47.74818,-15.90151],[-47.74737,-15.90128],[-47.74683,-15.90152],[-47.74639,-15.90081],[-47.74556,-15.90047],[-47.74542,-15.90077],[-47.74449,-15.9005],[-47.74432,-15.90019],[-47.74348,-15.89993],[-47.74304,-15.8995],[-47.74241,-15.89956],[-47.74241,-15.90014],[-47.74206,-15.90027],[-47.74169,-15.89978],[-47.74204,-15.89897],[-47.74035,-15.89848],[-47.73856,-15.89861],[-47.73828,-15.89841],[-47.73765,-15.89913],[-47.73729,-15.89895],[-47.73656,-15.89921],[-47.73594,-15.89868],[-47.73494,-15.89836],[-47.73392,-15.89858],[-47.7328,-15.8981],[-47.73081,-15.89612],[-47.73013,-15.8959],[-47.72941,-15.89489],[-47.72891,-15.8947],[-47.72827,-15.8935],[-47.72747,-15.89286],[-47.72678,-15.89281],[-47.72635,-15.89221],[-47.72559,-15.8924],[-47.7251,-15.89196],[-47.72467,-15.89203],[-47.72435,-15.89149],[-47.72351,-15.89105],[-47.72287,-15.89123],[-47.72251,-15.89161],[-47.72212,-15.89136],[-47.72116,-15.89146],[-47.72028,-15.89113],[-47.71975,-15.89161],[-47.71898,-15.89193],[-47.71835,-15.89187],[-47.7178,-15.89225],[-47.71707,-15.89205],[-47.71482,-15.89219],[-47.7142,-15.89263],[-47.71407,-15.89306],[-47.71408,-15.89365],[-47.71462,-15.89398],[-47.71463,-15.89425],[-47.7136,-15.89434],[-47.71362,-15.89325],[-47.71254,-15.89252],[-47.71036,-15.89395],[-47.71045,-15.89446],[-47.71024,-15.89469],[-47.70925,-15.89384],[-47.70921,-15.89355],[-47.70956,-15.8934],[-47.70958,-15.89316],[-47.70868,-15.8931],[-47.70755,-15.89374],[-47.70722,-15.89356],[-47.70693,-15.89261],[-47.70679,-15.89163],[-47.70716,-15.89133],[-47.70769,-15.8913],[-47.70914,-15.8919],[-47.7095,-15.89148],[-47.70947,-15.89111],[-47.70831,-15.89011],[-47.70815,-15.88974],[-47.70829,-15.88934],[-47.70925,-15.88888],[-47.71004,-15.88815],[-47.71155,-15.88832],[-47.71201,-15.88768],[-47.71191,-15.88699],[-47.71132,-15.88618],[-47.70979,-15.88628],[-47.70929,-15.88589],[-47.70933,-15.88552],[-47.71039,-15.88462],[-47.71045,-15.88412],[-47.70944,-15.88375],[-47.70934,-15.88213],[-47.70763,-15.88022],[-47.70837,-15.87742],[-47.7087,-15.87727],[-47.70923,-15.87773],[-47.70973,-15.87754],[-47.7095,-15.87555],[-47.70984,-15.87498],[-47.7101,-15.87497],[-47.71109,-15.87605],[-47.71279,-15.87544],[-47.71313,-15.87633],[-47.71363,-15.87604],[-47.71454,-15.87669],[-47.7144,-15.87798],[-47.71542,-15.87803],[-47.71652,-15.87716],[-47.71673,-15.87756],[-47.71644,-15.87825],[-47.71681,-15.87837],[-47.71736,-15.87754],[-47.71805,-15.87753],[-47.71833,-15.87697],[-47.71885,-15.87712],[-47.719,-15.87746],[-47.71954,-15.87735],[-47.71991,-15.87619],[-47.72039,-15.87676],[-47.72087,-15.87595],[-47.72133,-15.87599],[-47.72207,-15.8768],[-47.72225,-15.87655],[-47.72204,-15.8755],[-47.72249,-15.87549],[-47.72338,-15.87472],[-47.72398,-15.87469],[-47.72422,-15.87568],[-47.72527,-15.87446],[-47.72641,-15.87457],[-47.72651,-15.8751],[-47.72725,-15.8752],[-47.72746,-15.87498],[-47.72718,-15.87464],[-47.72767,-15.87417],[-47.72843,-15.87457],[-47.72856,-15.87426],[-47.72891,-15.87436],[-47.72926,-15.87393],[-47.73015,-15.87436],[-47.73027,-15.87401],[-47.73089,-15.87406],[-47.73081,-15.87326],[-47.73099,-15.87307],[-47.732,-15.87352],[-47.7322,-15.87232],[-47.7337,-15.87214],[-47.73436,-15.87176],[-47.73648,-15.87202],[-47.73673,-15.87101],[-47.73725,-15.87075],[-47.73743,-15.8713],[-47.7377,-15.87045],[-47.73836,-15.87067],[-47.73917,-15.87042],[-47.7401,-15.87072],[-47.74004,-15.87006],[-47.74104,-15.86991],[-47.74094,-15.86884],[-47.74133,-15.86895],[-47.74163,-15.8684],[-47.74158,-15.8677],[-47.74192,-15.86737],[-47.74181,-15.86621],[-47.74278,-15.86531],[-47.74346,-15.86559],[-47.74321,-15.86459],[-47.74341,-15.86433],[-47.74306,-15.86373],[-47.74343,-15.86357],[-47.74333,-15.86212],[-47.74429,-15.86213],[-47.7443,-15.86146],[-47.74491,-15.86124],[-47.74497,-15.8606],[-47.74557,-15.86084],[-47.74594,-15.86028],[-47.74632,-15.86006],[-47.74669,-15.86026],[-47.7473,-15.8597],[-47.74691,-15.85943],[-47.74695,-15.85864],[-47.74734,-15.85817],[-47.74707,-15.85768],[-47.7472,-15.85726],[-47.74658,-15.85661],[-47.74653,-15.85579],[-47.74609,-15.8549],[-47.74616,-15.85446],[-47.74542,-15.85381],[-47.74558,-15.85357],[-47.74669,-15.85343],[-47.74674,-15.85215],[-47.74832,-15.85246],[-47.74847,-15.85095],[-47.74947,-15.85031],[-47.74979,-15.84954],[-47.75037,-15.84923],[-47.75074,-15.84848],[-47.75218,-15.84775],[-47.75248,-15.8473],[-47.75224,-15.84692],[-47.75265,-15.84683],[-47.75286,-15.84636],[-47.75323,-15.8464],[-47.7532,-15.84605],[-47.75362,-15.84598],[-47.75402,-15.84523],[-47.75473,-15.84503],[-47.75508,-15.84412],[-47.75553,-15.84372],[-47.75591,-15.84383],[-47.75592,-15.8433],[-47.7572,-15.84316],[-47.75777,-15.8422],[-47.75935,-15.84199],[-47.75999,-15.84129],[-47.76006,-15.84078],[-47.76135,-15.8406],[-47.76263,-15.83943],[-47.76326,-15.83935],[-47.76439,-15.83856],[-47.76582,-15.83841],[-47.7664,-15.83782],[-47.76731,-15.83746],[-47.76821,-15.83674],[-47.7688,-15.83677],[-47.77005,-15.83554],[-47.77095,-15.83517],[-47.77172,-15.83447],[-47.77233,-15.8325],[-47.77241,-15.83146],[-47.7706,-15.82685],[-47.77175,-15.82651],[-47.77334,-15.82394],[-47.77333,-15.82314],[-47.77292,-15.82301],[-47.77304,-15.82194],[-47.76951,-15.82209],[-47.76895,-15.82121],[-47.76816,-15.82105],[-47.76744,-15.81978],[-47.78186,-15.81573],[-47.77889,-15.81449],[-47.77701,-15.81322],[-47.77253,-15.8081],[-47.77114,-15.80684],[-47.77066,-15.80581],[-47.77076,-15.80463],[-47.77319,-15.79781],[-47.77359,-15.79751],[-47.77385,-15.79638],[-47.77527,-15.79575],[-47.77581,-15.79578],[-47.77653,-15.79626],[-47.77635,-15.79699],[-47.77653,-15.79776],[-47.77607,-15.79824],[-47.77605,-15.79868],[-47.7763,-15.79932],[-47.77666,-15.79946],[-47.78136,-15.79903],[-47.78392,-15.79786],[-47.78586,-15.80223],[-47.78657,-15.80557],[-47.7884,-15.80962],[-47.79567,-15.82386],[-47.80311,-15.83383],[-47.8124,-15.84578],[-47.81394,-15.84746],[-47.81564,-15.85011],[-47.81651,-15.85205],[-47.81984,-15.86293],[-47.82047,-15.86402],[-47.83074,-15.85929],[-47.84301,-15.86621],[-47.84505,-15.86281],[-47.84292,-15.86161],[-47.85063,-15.85715],[-47.85357,-15.85663],[-47.85561,-15.85854],[-47.85626,-15.85879],[-47.85522,-15.86048],[-47.85393,-15.86415],[-47.85315,-15.86449],[-47.85116,-15.86869],[-47.85698,-15.87124],[-47.85608,-15.87317],[-47.8801,-15.88494],[-47.89367,-15.90067],[-47.88233,-15.91352],[-47.8833,-15.91374],[-47.88466,-15.91343],[-47.8861,-15.91289],[-47.88702,-15.91209],[-47.88848,-15.91132],[-47.88927,-15.91137],[-47.88976,-15.91111],[-47.89074,-15.91146],[-47.89308,-15.91173],[-47.89461,-15.91171],[-47.8948,-15.91145],[-47.89607,-15.91135],[-47.89631,-15.91176],[-47.897,-15.91165],[-47.89848,-15.91213],[-47.90086,-15.91176],[-47.90098,-15.91142],[-47.90172,-15.91124],[-47.9019,-15.91162],[-47.90259,-15.9118],[-47.90262,-15.91152],[-47.903,-15.9114],[-47.90352,-15.91195],[-47.90427,-15.91211],[-47.9053,-15.91159],[-47.90537,-15.91181],[-47.90582,-15.91178],[-47.90645,-15.91217],[-47.90651,-15.91247],[-47.90789,-15.91258],[-47.90766,-15.91382],[-47.90704,-15.91452],[-47.90691,-15.91518],[-47.90612,-15.91531],[-47.90585,-15.91675],[-47.90669,-15.9184],[-47.90658,-15.91907],[-47.90691,-15.92178],[-47.90683,-15.92228],[-47.90629,-15.92301],[-47.90616,-15.92428],[-47.90558,-15.92552],[-47.9044,-15.92704],[-47.90419,-15.9283],[-47.90274,-15.93024],[-47.90271,-15.93083],[-47.90186,-15.93222],[-47.90065,-15.93331],[-47.90052,-15.93404],[-47.89967,-15.9342],[-47.89941,-15.93479],[-47.89874,-15.93523],[-47.89812,-15.93721],[-47.89827,-15.9377],[-47.8977,-15.93988],[-47.89631,-15.94243],[-47.8963,-15.94317],[-47.89673,-15.94453],[-47.8965,-15.94515],[-47.89603,-15.94539],[-47.89588,-15.9463],[-47.89462,-15.94733],[-47.89392,-15.94756],[-47.89301,-15.94875],[-47.89206,-15.94893],[-47.8908,-15.95089],[-47.88974,-15.95157],[-47.88881,-15.95315],[-47.88833,-15.95517],[-47.88725,-15.95747],[-47.88771,-15.95881],[-47.8873,-15.9631],[-47.88747,-15.96754],[-47.89239,-15.96934],[-47.89151,-15.97127],[-47.89016,-15.97108],[-47.89005,-15.97174],[-47.88934,-15.97208],[-47.88942,-15.9728],[-47.8888,-15.97452],[-47.88795,-15.97547],[-47.88755,-15.97665],[-47.88544,-15.97711],[-47.88473,-15.97784],[-47.88405,-15.98053],[-47.88301,-15.98268],[-47.88165,-15.98472],[-47.88096,-15.98645],[-47.88087,-15.98744],[-47.88036,-15.9885],[-47.88043,-15.99029],[-47.87912,-15.99224],[-47.87834,-15.99389],[-47.87793,-15.99682],[-47.87839,-15.99846],[-47.87843,-16.00015],[-47.87778,-16.00204],[-47.87616,-16.00522],[-47.87555,-16.00772],[-47.87385,-16.01077],[-47.87323,-16.01101],[-47.87244,-16.01089],[-47.87153,-16.0124],[-47.87054,-16.01276],[-47.87154,-16.01387],[-47.87202,-16.01388],[-47.87394,-16.01504],[-47.87452,-16.01502],[-47.87498,-16.01534],[-47.87572,-16.01669],[-47.8769,-16.01811],[-47.87713,-16.01962],[-47.87692,-16.02018],[-47.87714,-16.02078],[-47.87672,-16.02164],[-47.8758,-16.02267],[-47.87491,-16.02493],[-47.87488,-16.02725],[-47.87354,-16.02865],[-47.87261,-16.03071],[-47.87258,-16.03167],[-47.87177,-16.03193],[-47.87149,-16.03283],[-47.87094,-16.0332],[-47.8707,-16.0344],[-47.86958,-16.03499],[-47.86915,-16.0364],[-47.86868,-16.03681],[-47.8685,-16.03742],[-47.8693,-16.03797],[-47.87019,-16.03809],[-47.87053,-16.03792],[-47.87113,-16.03835],[-47.87152,-16.03814],[-47.87259,-16.03856],[-47.87267,-16.0391],[-47.87303,-16.03936],[-47.8739,-16.03886],[-47.87574,-16.0393],[-47.87647,-16.04038],[-47.8789,-16.04163],[-47.87924,-16.04221],[-47.87911,-16.04291],[-47.88074,-16.0441],[-47.88097,-16.04518],[-47.88159,-16.04606],[-47.88262,-16.04674],[-47.88422,-16.0467],[-47.88525,-16.0472],[-47.88765,-16.04913],[-47.88854,-16.05028],[-47.72117,-16.05036],[-47.72258,-16.04394],[-47.72488,-16.04197],[-47.72679,-16.04072],[-47.72764,-16.04046],[-47.72744,-16.03564],[-47.73043,-16.03101],[-47.73131,-16.03076],[-47.73173,-16.03016],[-47.73399,-16.03187],[-47.76071,-16.03056],[-47.75984,-16.02936],[-47.75952,-16.02825],[-47.75972,-16.02749],[-47.76073,-16.02481],[-47.762,-16.02287],[-47.76361,-16.02164],[-47.76436,-16.02032],[-47.76457,-16.01929],[-47.76423,-16.01763],[-47.76244,-16.01413],[-47.76274,-16.01144],[-47.76259,-16.00937],[-47.76601,-16.00671],[-47.76637,-16.00588],[-47.7677,-16.00438],[-47.7694,-16.00076],[-47.7795,-15.98962],[-47.7797,-15.989],[-47.77932,-15.98786],[-47.77832,-15.98625],[-47.77825,-15.98556],[-47.77855,-15.98493],[-47.77626,-15.98396],[-47.77503,-15.98302],[-47.77312,-15.98346],[-47.77192,-15.98295],[-47.76991,-15.98148],[-47.76873,-15.98113],[-47.76768,-15.97964],[-47.76516,-15.97917],[-47.76437,-15.9775],[-47.76297,-15.97546],[-47.76191,-15.97485],[-47.76106,-15.97365],[-47.76023,-15.97317],[-47.75968,-15.97312],[-47.76066,-15.97233],[-47.76165,-15.97236],[-47.76177,-15.97179],[-47.76356,-15.97036],[-47.76426,-15.9694],[-47.76498,-15.96917],[-47.76623,-15.96934],[-47.76667,-15.96891],[-47.76815,-15.96861],[-47.76893,-15.96808],[-47.7694,-15.96743],[-47.77034,-15.96735],[-47.77077,-15.96664],[-47.77156,-15.96671],[-47.77193,-15.96602],[-47.77293,-15.96557],[-47.77314,-15.96578],[-47.77354,-15.96541],[-47.77392,-15.96567],[-47.7742,-15.96547],[-47.77488,-15.96572],[-47.77491,-15.96542],[-47.77545,-15.96535],[-47.77593,-15.96494],[-47.77656,-15.96497],[-47.77679,-15.96453],[-47.77844,-15.96441],[-47.77866,-15.96406],[-47.77884,-15.96435],[-47.77961,-15.96384],[-47.78032,-15.96409],[-47.78161,-15.96361],[-47.7824,-15.96293],[-47.78315,-15.96312],[-47.78336,-15.96275],[-47.78374,-15.96297],[-47.78572,-15.96206],[-47.78759,-15.96202],[-47.78971,-15.96072],[-47.79028,-15.95985],[-47.79151,-15.95972],[-47.79161,-15.95905],[-47.79216,-15.95903],[-47.79279,-15.95791],[-47.79396,-15.95712],[-47.79333,-15.95618],[-47.79348,-15.95528],[-47.79331,-15.955],[-47.79406,-15.95413],[-47.79374,-15.95376],[-47.79406,-15.95284],[-47.79466,-15.95209],[-47.79529,-15.95176],[-47.79597,-15.95059],[-47.79659,-15.95023],[-47.79655,-15.94995],[-47.79683,-15.94992],[-47.79684,-15.94967],[-47.79731,-15.94933],[-47.79747,-15.94861],[-47.7981,-15.94809],[-47.79859,-15.94805],[-47.79943,-15.94681],[-47.80051,-15.94629],[-47.80067,-15.94568],[-47.80149,-15.94511],[-47.80245,-15.94332],[-47.80304,-15.94292],[-47.80342,-15.9419],[-47.80433,-15.94137],[-47.80504,-15.94133],[-47.80548,-15.94074],[-47.80572,-15.93969],[-47.80652,-15.93948],[-47.80746,-15.93877],[-47.80478,-15.9326],[-47.80497,-15.93201],[-47.80454,-15.93132],[-47.80396,-15.93133],[-47.80248,-15.93063],[-47.80186,-15.92964],[-47.80138,-15.92961],[-47.79999,-15.92835],[-47.79829,-15.92772],[-47.79729,-15.92767],[-47.79569,-15.92678],[-47.79217,-15.92636],[-47.79141,-15.92595],[-47.78987,-15.92594],[-47.7873,-15.92493],[-47.78638,-15.92505],[-47.78485,-15.92455],[-47.78033,-15.92371],[-47.77961,-15.92316],[-47.77884,-15.92312],[-47.77813,-15.92235],[-47.77813,-15.92156],[-47.77774,-15.92125],[-47.77778,-15.92061],[-47.77738,-15.92037],[-47.77707,-15.9188],[-47.77657,-15.91803],[-47.77666,-15.91689],[-47.77614,-15.91631],[-47.77549,-15.91615],[-47.77515,-15.91482],[-47.77448,-15.91407],[-47.77353,-15.91384],[-47.77247,-15.91246],[-47.77302,-15.91236],[-47.77409,-15.91303],[-47.7745,-15.91316],[-47.77472,-15.91294],[-47.77574,-15.91329],[-47.77815,-15.91288],[-47.7806,-15.9135],[-47.78198,-15.91294],[-47.78239,-15.91262],[-47.78267,-15.91148],[-47.78338,-15.91006],[-47.78405,-15.90964],[-47.78464,-15.90838],[-47.78653,-15.9072],[-47.78752,-15.90704],[-47.78852,-15.90652],[-47.78995,-15.90631],[-47.79047,-15.90385],[-47.79216,-15.9032],[-47.7926,-15.90263],[-47.79383,-15.90224],[-47.79432,-15.90074],[-47.79296,-15.89768],[-47.79443,-15.89707],[-47.79446,-15.89681],[-47.79411,-15.89512],[-47.7929,-15.89365],[-47.79278,-15.89321],[-47.79536,-15.89169],[-47.79434,-15.89113],[-47.79374,-15.89042],[-47.79532,-15.88895],[-47.79537,-15.88774],[-47.79513,-15.88688],[-47.7963,-15.88614],[-47.79636,-15.88477]]]},"properties":{"ra_nome":"JARDIM BOTÂNICO","ra_codigo":"RA-XXVII"}},{"type":"Feature","geometry":{"type":"Polygon","coordinates":[[[-47.66188,-15.73406],[-47.66046,-15.72743],[-47.66234,-15.72698],[-47.66343,-15.72698],[-47.66502,-15.72746],[-47.6703,-15.73074],[-47.67351,-15.73386],[-47.67419,-15.73427],[-47.67724,-15.73407],[-47.68044,-15.73574],[-47.68769,-15.7359],[-47.69028,-15.7365],[-47.70461,-15.7438],[-47.72944,-15.7613],[-47.73158,-15.76246],[-47.73326,-15.76296],[-47.73599,-15.76309],[-47.73883,-15.76235],[-47.7541,-15.75309],[-47.75623,-15.75226],[-47.75783,-15.75196],[-47.7612,-15.75229],[-47.78512,-15.76092],[-47.78735,-15.76146],[-47.78983,-15.76148],[-47.80741,-15.75874],[-47.81011,-15.75739],[-47.81159,-15.75734],[-47.81315,-15.75813],[-47.81204,-15.75976],[-47.80887,-15.76304],[-47.80852,-15.76379],[-47.80851,-15.76447],[-47.80891,-15.76537],[-47.81269,-15.76946],[-47.81316,-15.77092],[-47.81316,-15.77227],[-47.81274,-15.77352],[-47.80821,-15.78073],[-47.80576,-15.78348],[-47.80478,-15.78637],[-47.80396,-15.78716],[-47.80256,-15.78738],[-47.80127,-15.78679],[-47.80007,-15.78585],[-47.79789,-15.78275],[-47.79627,-15.7816],[-47.79519,-15.78122],[-47.79363,-15.78104],[-47.78679,-15.78196],[-47.78711,-15.78239],[-47.78763,-15.78483],[-47.78894,-15.78848],[-47.78879,-15.78891],[-47.78915,-15.79067],[-47.78839,-15.78936],[-47.78784,-15.78899],[-47.78778,-15.78861],[-47.78785,-15.78971],[-47.78741,-15.78967],[-47.78787,-15.79032],[-47.78777,-15.79063],[-47.78719,-15.79087],[-47.7865,-15.79042],[-47.78631,-15.79068],[-47.78581,-15.79075],[-47.78584,-15.79148],[-47.78545,-15.79179],[-47.78561,-15.79231],[-47.78542,-15.79356],[-47.78481,-15.79348],[-47.78438,-15.79384],[-47.78473,-15.79457],[-47.78469,-15.79546],[-47.78442,-15.79621],[-47.7845,-15.79713],[-47.78399,-15.79738],[-47.78396,-15.79784],[-47.78136,-15.79903],[-47.77814,-15.79922],[-47.77707,-15.79953],[-47.7763,-15.79932],[-47.77605,-15.79868],[-47.77607,-15.79824],[-47.77653,-15.79776],[-47.77646,-15.79616],[-47.77539,-15.79573],[-47.77385,-15.79638],[-47.77359,-15.79751],[-47.77319,-15.79781],[-47.77076,-15.80463],[-47.77061,-15.80518],[-47.77078,-15.80615],[-47.77114,-15.80684],[-47.77253,-15.8081],[-47.77701,-15.81322],[-47.77889,-15.81449],[-47.78186,-15.81573],[-47.76744,-15.81978],[-47.76816,-15.82105],[-47.76895,-15.82121],[-47.76951,-15.82209],[-47.77304,-15.82194],[-47.77292,-15.82301],[-47.77333,-15.82314],[-47.77334,-15.82394],[-47.77175,-15.82651],[-47.7706,-15.82685],[-47.77241,-15.83146],[-47.77233,-15.8325],[-47.77172,-15.83447],[-47.77095,-15.83517],[-47.77005,-15.83554],[-47.7688,-15.83677],[-47.76821,-15.83674],[-47.76731,-15.83746],[-47.7664,-15.83782],[-47.76582,-15.83841],[-47.76439,-15.83856],[-47.76326,-15.83935],[-47.76263,-15.83943],[-47.76135,-15.8406],[-47.76006,-15.84078],[-47.75999,-15.84129],[-47.75935,-15.84199],[-47.75777,-15.8422],[-47.7572,-15.84316],[-47.75592,-15.8433],[-47.75591,-15.84383],[-47.75553,-15.84372],[-47.75508,-15.84412],[-47.75473,-15.84503],[-47.75402,-15.84523],[-47.75362,-15.84598],[-47.7532,-15.84605],[-47.75323,-15.8464],[-47.75286,-15.84636],[-47.75265,-15.84683],[-47.75224,-15.84692],[-47.75248,-15.8473],[-47.75218,-15.84775],[-47.75074,-15.84848],[-47.75037,-15.84923],[-47.74979,-15.84954],[-47.74947,-15.85031],[-47.74847,-15.85095],[-47.74832,-15.85246],[-47.74674,-15.85215],[-47.74669,-15.85343],[-47.74558,-15.85357],[-47.74542,-15.85381],[-47.74616,-15.85446],[-47.74609,-15.8549],[-47.74653,-15.85579],[-47.74658,-15.85661],[-47.7472,-15.85726],[-47.74707,-15.85768],[-47.74734,-15.85817],[-47.74695,-15.85864],[-47.74691,-15.85943],[-47.7473,-15.8597],[-47.74669,-15.86026],[-47.74632,-15.86006],[-47.74594,-15.86028],[-47.74557,-15.86084],[-47.74497,-15.8606],[-47.74491,-15.86124],[-47.7443,-15.86146],[-47.74429,-15.86213],[-47.74333,-15.86212],[-47.74343,-15.86357],[-47.74306,-15.86373],[-47.74341,-15.86433],[-47.74321,-15.86459],[-47.74348,-15.86555],[-47.74266,-15.86536],[-47.74177,-15.86627],[-47.74189,-15.86756],[-47.74158,-15.8677],[-47.74171,-15.86812],[-47.74144,-15.86885],[-47.74094,-15.86884],[-47.74104,-15.86991],[-47.74011,-15.86996],[-47.7401,-15.87072],[-47.73917,-15.87042],[-47.73836,-15.87067],[-47.7377,-15.87045],[-47.73743,-15.8713],[-47.73725,-15.87075],[-47.73673,-15.87101],[-47.73648,-15.87202],[-47.73436,-15.87176],[-47.7337,-15.87214],[-47.7322,-15.87232],[-47.732,-15.87352],[-47.73099,-15.87307],[-47.73081,-15.87326],[-47.73089,-15.87406],[-47.73027,-15.87401],[-47.73015,-15.87436],[-47.72926,-15.87393],[-47.72891,-15.87436],[-47.72856,-15.87426],[-47.72843,-15.87457],[-47.72767,-15.87417],[-47.72718,-15.87464],[-47.72746,-15.87498],[-47.72725,-15.8752],[-47.72651,-15.8751],[-47.72641,-15.87457],[-47.72527,-15.87446],[-47.72422,-15.87568],[-47.72398,-15.87469],[-47.72338,-15.87472],[-47.72249,-15.87549],[-47.72204,-15.8755],[-47.72225,-15.87655],[-47.72207,-15.8768],[-47.72133,-15.87599],[-47.72087,-15.87595],[-47.72039,-15.87676],[-47.71991,-15.87619],[-47.71954,-15.87735],[-47.719,-15.87746],[-47.71885,-15.87712],[-47.71833,-15.87697],[-47.71805,-15.87753],[-47.71736,-15.87754],[-47.71681,-15.87837],[-47.71644,-15.87825],[-47.71673,-15.87756],[-47.71652,-15.87716],[-47.71542,-15.87803],[-47.7144,-15.87798],[-47.71454,-15.87669],[-47.71363,-15.87604],[-47.71313,-15.87633],[-47.71279,-15.87544],[-47.71109,-15.87605],[-47.7099,-15.87493],[-47.7095,-15.87555],[-47.70973,-15.87754],[-47.70923,-15.87773],[-47.7087,-15.87727],[-47.70837,-15.87742],[-47.70763,-15.88022],[-47.70934,-15.88213],[-47.70944,-15.88375],[-47.71045,-15.88412],[-47.71039,-15.88462],[-47.70933,-15.88552],[-47.70929,-15.88589],[-47.70979,-15.88628],[-47.71132,-15.88618],[-47.71191,-15.88699],[-47.71201,-15.88768],[-47.71142,-15.88836],[-47.71004,-15.88815],[-47.70822,-15.88944],[-47.70841,-15.89025],[-47.70951,-15.8912],[-47.70929,-15.89186],[-47.70769,-15.8913],[-47.70686,-15.89152],[-47.70721,-15.89345],[-47.70713,-15.89419],[-47.70653,-15.89393],[-47.70548,-15.89293],[-47.70415,-15.89232],[-47.70296,-15.89552],[-47.70233,-15.89522],[-47.70152,-15.89423],[-47.70056,-15.89476],[-47.70046,-15.8953],[-47.7007,-15.89576],[-47.70272,-15.8976],[-47.70242,-15.89779],[-47.70102,-15.89735],[-47.69942,-15.89719],[-47.69902,-15.89743],[-47.69903,-15.89839],[-47.69991,-15.89997],[-47.69935,-15.90021],[-47.69815,-15.89925],[-47.69752,-15.89945],[-47.6976,-15.90179],[-47.6987,-15.90254],[-47.69882,-15.90296],[-47.69835,-15.90364],[-47.69635,-15.90344],[-47.69681,-15.90454],[-47.69681,-15.9054],[-47.6962,-15.9054],[-47.69411,-15.90458],[-47.69321,-15.90479],[-47.69311,-15.90504],[-47.69362,-15.90558],[-47.6942,-15.90685],[-47.69405,-15.90722],[-47.693,-15.90722],[-47.69164,-15.90591],[-47.69169,-15.90548],[-47.69228,-15.90469],[-47.69191,-15.90405],[-47.69158,-15.90395],[-47.69119,-15.90572],[-47.68999,-15.90653],[-47.68932,-15.90875],[-47.68878,-15.90871],[-47.68842,-15.90816],[-47.68891,-15.90672],[-47.68878,-15.90614],[-47.68769,-15.90644],[-47.68687,-15.90904],[-47.68707,-15.90967],[-47.68821,-15.9111],[-47.68803,-15.91159],[-47.68711,-15.91178],[-47.68547,-15.91135],[-47.6848,-15.90957],[-47.68408,-15.90964],[-47.6835,-15.91023],[-47.68217,-15.90988],[-47.68183,-15.91024],[-47.68192,-15.9112],[-47.68039,-15.91137],[-47.68029,-15.91181],[-47.68062,-15.91253],[-47.68235,-15.91441],[-47.68324,-15.9146],[-47.6844,-15.91444],[-47.68467,-15.91502],[-47.68313,-15.9153],[-47.68226,-15.91678],[-47.68264,-15.91896],[-47.68217,-15.92138],[-47.68146,-15.92136],[-47.68096,-15.91993],[-47.68136,-15.91899],[-47.68061,-15.91886],[-47.67923,-15.92143],[-47.67781,-15.92219],[-47.67746,-15.92347],[-47.67601,-15.92359],[-47.67533,-15.92413],[-47.6755,-15.92476],[-47.67692,-15.92615],[-47.67718,-15.92715],[-47.67726,-15.9286],[-47.67643,-15.93022],[-47.67598,-15.93004],[-47.67449,-15.92812],[-47.67199,-15.92746],[-47.67169,-15.92764],[-47.67177,-15.92871],[-47.6715,-15.92907],[-47.66983,-15.92896],[-47.67004,-15.92968],[-47.67113,-15.93068],[-47.66881,-15.93338],[-47.66828,-15.93433],[-47.6696,-15.93693],[-47.66944,-15.93737],[-47.6683,-15.93816],[-47.66858,-15.93944],[-47.66832,-15.94121],[-47.66923,-15.94299],[-47.66877,-15.94333],[-47.6676,-15.94312],[-47.66671,-15.94265],[-47.66638,-15.9429],[-47.6668,-15.94408],[-47.66753,-15.94471],[-47.66853,-15.94498],[-47.6688,-15.94554],[-47.66869,-15.94617],[-47.66686,-15.95002],[-47.66662,-15.95189],[-47.66518,-15.95298],[-47.66393,-15.95243],[-47.66292,-15.95296],[-47.66261,-15.95392],[-47.66074,-15.95382],[-47.65979,-15.95453],[-47.65976,-15.95573],[-47.66146,-15.95662],[-47.66185,-15.9574],[-47.66209,-15.95878],[-47.66322,-15.95882],[-47.66357,-15.9596],[-47.66313,-15.96094],[-47.66195,-15.96206],[-47.66198,-15.96239],[-47.65929,-15.96367],[-47.65507,-15.96769],[-47.65372,-15.96861],[-47.6514,-15.96923],[-47.64905,-15.96892],[-47.64713,-15.9678],[-47.64232,-15.96306],[-47.63754,-15.96055],[-47.63671,-15.95988],[-47.63476,-15.95754],[-47.63232,-15.95539],[-47.63149,-15.95424],[-47.63094,-15.95275],[-47.63061,-15.94977],[-47.62946,-15.94759],[-47.61897,-15.93958],[-47.61735,-15.93864],[-47.61059,-15.93687],[-47.60935,-15.93697],[-47.60814,-15.93741],[-47.60643,-15.93901],[-47.58729,-15.96974],[-47.58881,-15.9738],[-47.59509,-15.98397],[-47.59831,-15.98819],[-47.61416,-16.01401],[-47.61452,-16.0157],[-47.61733,-16.05034],[-47.31014,-16.04999],[-47.31136,-16.04167],[-47.31166,-16.04078],[-47.31169,-16.03926],[-47.3108,-16.03683],[-47.31094,-16.03627],[-47.31257,-16.03584],[-47.31452,-16.03572],[-47.31626,-16.03606],[-47.31798,-16.03597],[-47.31874,-16.03538],[-47.32006,-16.03232],[-47.32154,-16.03054],[-47.32301,-16.02968],[-47.32839,-16.0276],[-47.32877,-16.02712],[-47.32898,-16.02594],[-47.33026,-16.02491],[-47.33064,-16.02326],[-47.33129,-16.0226],[-47.33335,-16.02197],[-47.33609,-16.01991],[-47.33682,-16.01829],[-47.33773,-16.01829],[-47.33944,-16.01926],[-47.34024,-16.01942],[-47.34064,-16.0192],[-47.34066,-16.01658],[-47.34051,-16.01572],[-47.33982,-16.01461],[-47.33995,-16.01325],[-47.34068,-16.01272],[-47.34348,-16.01183],[-47.34465,-16.01175],[-47.34549,-16.01132],[-47.346,-16.01069],[-47.3465,-16.00906],[-47.34852,-16.00747],[-47.34971,-16.00715],[-47.35365,-16.00746],[-47.35542,-16.00801],[-47.35578,-16.00845],[-47.35662,-16.00877],[-47.3597,-16.00829],[-47.36031,-16.00774],[-47.36039,-16.00661],[-47.36183,-16.00659],[-47.36457,-16.00469],[-47.36513,-16.00378],[-47.36491,-16.00215],[-47.36545,-16.00151],[-47.36694,-16.00151],[-47.36911,-16.00248],[-47.37037,-16.0003],[-47.37048,-15.9995],[-47.37023,-15.99741],[-47.37031,-15.99608],[-47.37062,-15.99529],[-47.37139,-15.99458],[-47.37321,-15.99403],[-47.3736,-15.9934],[-47.37487,-15.98908],[-47.37651,-15.98575],[-47.37578,-15.98387],[-47.37646,-15.98235],[-47.37602,-15.98196],[-47.37374,-15.9812],[-47.37386,-15.97996],[-47.37434,-15.97971],[-47.37508,-15.98035],[-47.37556,-15.98039],[-47.37641,-15.97828],[-47.37782,-15.97836],[-47.37892,-15.97789],[-47.3778,-15.97575],[-47.37772,-15.97495],[-47.37813,-15.97403],[-47.37893,-15.97413],[-47.37895,-15.97367],[-47.37706,-15.97174],[-47.37737,-15.9709],[-47.37834,-15.97018],[-47.37922,-15.96831],[-47.37838,-15.96807],[-47.37704,-15.96894],[-47.37626,-15.9689],[-47.37608,-15.96837],[-47.37626,-15.96819],[-47.3762,-15.96763],[-47.37535,-15.96667],[-47.37549,-15.96626],[-47.37684,-15.965],[-47.37713,-15.96439],[-47.37708,-15.96362],[-47.37752,-15.96291],[-47.37849,-15.96257],[-47.37856,-15.96224],[-47.37836,-15.962],[-47.37703,-15.96198],[-47.37611,-15.96156],[-47.37431,-15.96005],[-47.37323,-15.96014],[-47.37305,-15.95889],[-47.37363,-15.95811],[-47.37404,-15.95854],[-47.37439,-15.95854],[-47.37481,-15.95786],[-47.37506,-15.95653],[-47.3737,-15.95617],[-47.37289,-15.9562],[-47.37183,-15.95581],[-47.37184,-15.9549],[-47.37236,-15.95416],[-47.37243,-15.95364],[-47.37107,-15.95217],[-47.37056,-15.951],[-47.37123,-15.94944],[-47.37122,-15.94892],[-47.37082,-15.94855],[-47.37145,-15.94734],[-47.37141,-15.94667],[-47.3706,-15.94583],[-47.37053,-15.94717],[-47.36872,-15.94731],[-47.36845,-15.94695],[-47.36928,-15.9462],[-47.37,-15.94506],[-47.37016,-15.94421],[-47.36983,-15.94306],[-47.37076,-15.94293],[-47.37038,-15.94167],[-47.36986,-15.94142],[-47.36908,-15.94143],[-47.36902,-15.94117],[-47.36978,-15.94058],[-47.37056,-15.94038],[-47.37204,-15.94088],[-47.3725,-15.94077],[-47.37261,-15.94048],[-47.372,-15.93873],[-47.37096,-15.93879],[-47.36995,-15.93625],[-47.37084,-15.93599],[-47.37125,-15.93618],[-47.37301,-15.93871],[-47.37354,-15.93777],[-47.37346,-15.93671],[-47.37284,-15.93578],[-47.37191,-15.93521],[-47.37049,-15.93537],[-47.36906,-15.93522],[-47.36838,-15.93331],[-47.36806,-15.93304],[-47.36693,-15.93304],[-47.3651,-15.9335],[-47.36505,-15.9331],[-47.36622,-15.93116],[-47.36542,-15.93047],[-47.3647,-15.93065],[-47.36484,-15.93139],[-47.36433,-15.93112],[-47.36306,-15.93189],[-47.3625,-15.93179],[-47.36252,-15.93132],[-47.36426,-15.9304],[-47.36443,-15.92993],[-47.36211,-15.92928],[-47.36217,-15.92885],[-47.36274,-15.92817],[-47.3619,-15.92736],[-47.36214,-15.9265],[-47.36141,-15.9262],[-47.36121,-15.92577],[-47.36136,-15.92549],[-47.36182,-15.92557],[-47.36236,-15.92432],[-47.36234,-15.92305],[-47.36192,-15.92229],[-47.36201,-15.92189],[-47.3639,-15.91983],[-47.36477,-15.91938],[-47.36584,-15.92079],[-47.36644,-15.92111],[-47.36695,-15.92063],[-47.36768,-15.92073],[-47.36769,-15.92051],[-47.36727,-15.92029],[-47.36728,-15.91991],[-47.36871,-15.91919],[-47.36924,-15.91845],[-47.36906,-15.91808],[-47.36817,-15.91805],[-47.36837,-15.91757],[-47.36912,-15.91769],[-47.36927,-15.91747],[-47.36857,-15.91717],[-47.36805,-15.91659],[-47.3683,-15.91593],[-47.3679,-15.91535],[-47.36784,-15.91463],[-47.36714,-15.91408],[-47.36625,-15.9127],[-47.36648,-15.91237],[-47.36783,-15.91246],[-47.36828,-15.91078],[-47.36811,-15.91067],[-47.36743,-15.91159],[-47.36701,-15.91158],[-47.36594,-15.91082],[-47.36595,-15.91064],[-47.36662,-15.91057],[-47.36671,-15.91032],[-47.36585,-15.91011],[-47.36549,-15.90962],[-47.36556,-15.90933],[-47.3669,-15.9087],[-47.36725,-15.90805],[-47.36816,-15.90841],[-47.37091,-15.90787],[-47.3722,-15.90648],[-47.37318,-15.90642],[-47.37488,-15.9069],[-47.37402,-15.90529],[-47.3739,-15.90432],[-47.37354,-15.90376],[-47.3724,-15.89998],[-47.37271,-15.89954],[-47.37378,-15.89931],[-47.37484,-15.89929],[-47.37522,-15.89984],[-47.37561,-15.89979],[-47.37574,-15.89818],[-47.37477,-15.89739],[-47.37469,-15.89698],[-47.37522,-15.89712],[-47.37655,-15.8968],[-47.37747,-15.89623],[-47.37745,-15.89603],[-47.37638,-15.89589],[-47.37569,-15.89515],[-47.37571,-15.8948],[-47.37644,-15.89414],[-47.37657,-15.89366],[-47.37643,-15.89295],[-47.37575,-15.89273],[-47.37649,-15.89237],[-47.37618,-15.8918],[-47.37662,-15.89127],[-47.37713,-15.89122],[-47.37805,-15.89162],[-47.37722,-15.88964],[-47.37744,-15.8888],[-47.37698,-15.88807],[-47.3777,-15.88726],[-47.37792,-15.88749],[-47.37789,-15.8882],[-47.37831,-15.8882],[-47.37877,-15.88758],[-47.37901,-15.88668],[-47.37891,-15.88636],[-47.37804,-15.8857],[-47.37812,-15.88502],[-47.37879,-15.88425],[-47.37715,-15.8834],[-47.37696,-15.88292],[-47.37783,-15.88211],[-47.38016,-15.88196],[-47.38069,-15.88136],[-47.38013,-15.88055],[-47.37954,-15.88046],[-47.37855,-15.88116],[-47.37832,-15.88064],[-47.37766,-15.88062],[-47.37726,-15.8816],[-47.37674,-15.88141],[-47.37585,-15.88018],[-47.37492,-15.87937],[-47.37493,-15.87917],[-47.37559,-15.87892],[-47.37452,-15.87847],[-47.37494,-15.87778],[-47.37353,-15.87714],[-47.37392,-15.87628],[-47.37378,-15.8758],[-47.37205,-15.87425],[-47.37208,-15.87357],[-47.37399,-15.87296],[-47.37207,-15.87262],[-47.37186,-15.87241],[-47.37153,-15.87078],[-47.37173,-15.8706],[-47.37255,-15.87079],[-47.37331,-15.86924],[-47.3716,-15.86858],[-47.37128,-15.8682],[-47.3716,-15.86703],[-47.37079,-15.86498],[-47.37107,-15.86483],[-47.3719,-15.8654],[-47.3733,-15.86542],[-47.37406,-15.86505],[-47.37441,-15.86426],[-47.37245,-15.86248],[-47.37213,-15.86237],[-47.37194,-15.8629],[-47.37164,-15.86302],[-47.37133,-15.86272],[-47.37147,-15.86231],[-47.36984,-15.86144],[-47.36987,-15.86096],[-47.37069,-15.86009],[-47.37019,-15.85973],[-47.36938,-15.85747],[-47.36978,-15.8562],[-47.36964,-15.85535],[-47.37011,-15.85536],[-47.3709,-15.85487],[-47.36955,-15.85444],[-47.36839,-15.85376],[-47.36811,-15.85339],[-47.3679,-15.85209],[-47.36938,-15.85005],[-47.36877,-15.84883],[-47.37069,-15.84895],[-47.37124,-15.84871],[-47.37129,-15.84817],[-47.37113,-15.84764],[-47.37061,-15.84726],[-47.36909,-15.84767],[-47.36878,-15.84679],[-47.36902,-15.84624],[-47.36965,-15.84585],[-47.37021,-15.84622],[-47.37083,-15.84586],[-47.37114,-15.84623],[-47.37146,-15.84578],[-47.37217,-15.84598],[-47.37227,-15.8463],[-47.37241,-15.84605],[-47.37313,-15.84585],[-47.37274,-15.84501],[-47.3737,-15.84458],[-47.37385,-15.84493],[-47.37429,-15.84496],[-47.37401,-15.84532],[-47.375,-15.84569],[-47.37525,-15.84606],[-47.37537,-15.84539],[-47.37605,-15.84624],[-47.37627,-15.84629],[-47.37633,-15.84578],[-47.37695,-15.84663],[-47.37739,-15.84681],[-47.37744,-15.84619],[-47.37766,-15.84613],[-47.37856,-15.84722],[-47.37899,-15.84705],[-47.37881,-15.84668],[-47.37904,-15.84632],[-47.37935,-15.84631],[-47.38011,-15.84708],[-47.38083,-15.84645],[-47.38086,-15.84579],[-47.38023,-15.8456],[-47.38034,-15.84545],[-47.38105,-15.84542],[-47.38135,-15.84572],[-47.38251,-15.84542],[-47.38236,-15.84662],[-47.38328,-15.84711],[-47.38383,-15.84705],[-47.38356,-15.84659],[-47.38415,-15.84658],[-47.38529,-15.84599],[-47.38584,-15.84767],[-47.3871,-15.85687],[-47.42302,-15.86415],[-47.42573,-15.86385],[-47.45177,-15.85781],[-47.4532,-15.85769],[-47.4546,-15.85786],[-47.45605,-15.85837],[-47.4636,-15.86274],[-47.46505,-15.8631],[-47.4672,-15.86306],[-47.51743,-15.85311],[-47.51888,-15.85325],[-47.52044,-15.85376],[-47.55348,-15.87156],[-47.55609,-15.87236],[-47.55815,-15.87225],[-47.60308,-15.8589],[-47.60435,-15.85878],[-47.60592,-15.85898],[-47.62105,-15.86305],[-47.64219,-15.78897],[-47.66408,-15.74968],[-47.66441,-15.74838],[-47.66446,-15.7465],[-47.66188,-15.73406]]]},"properties":{"ra_nome":"PARANOÁ","ra_codigo":"RA-VII"}},{"type":"Feature","geometry":{"type":"Polygon","coordinates":[[[-48.00302,-15.78625],[-48.00747,-15.78672],[-48.01099,-15.78741],[-48.01143,-15.78575],[-48.01286,-15.78403],[-48.01637,-15.78215],[-48.01845,-15.78291],[-48.01874,-15.7833],[-48.01966,-15.78258],[-48.02049,-15.78248],[-48.02073,-15.7829],[-48.02442,-15.78213],[-48.02662,-15.7825],[-48.02782,-15.78224],[-48.03085,-15.7825],[-48.03235,-15.78232],[-48.03549,-15.78343],[-48.03617,-15.78427],[-48.03909,-15.7851],[-48.03918,-15.78168],[-48.04192,-15.78217],[-48.03964,-15.77184],[-48.04192,-15.7714],[-48.04543,-15.77203],[-48.04681,-15.77669],[-48.05346,-15.79225],[-48.05155,-15.79186],[-48.05152,-15.79223],[-48.0523,-15.79285],[-48.05358,-15.79754],[-48.05435,-15.79894],[-48.05524,-15.80225],[-48.05581,-15.80313],[-48.05556,-15.80332],[-48.05639,-15.80482],[-48.05634,-15.80573],[-48.05431,-15.80707],[-48.05631,-15.8081],[-48.05482,-15.81183],[-48.05486,-15.81422],[-48.05428,-15.81422],[-48.05387,-15.81734],[-48.05235,-15.82349],[-48.05149,-15.82583],[-48.05395,-15.827],[-48.05297,-15.82886],[-48.05119,-15.83024],[-48.05033,-15.83186],[-48.0371,-15.83009],[-48.03504,-15.82957],[-48.03355,-15.82888],[-48.01765,-15.81937],[-48.0162,-15.81869],[-47.99592,-15.81126],[-47.99491,-15.81095],[-47.99287,-15.81098],[-47.98976,-15.78727],[-47.99643,-15.78629],[-48.00302,-15.78625]]]},"properties":{"ra_nome":"VICENTE PIRES","ra_codigo":"RA-XXX"}},{"type":"Feature","geometry":{"type":"Polygon","coordinates":[[[-48.12208,-15.95568],[-48.12254,-15.95423],[-48.12229,-15.95304],[-48.123,-15.95223],[-48.12295,-15.95172],[-48.12393,-15.9502],[-48.12387,-15.94966],[-48.12445,-15.94936],[-48.12436,-15.94902],[-48.12547,-15.94803],[-48.12539,-15.94782],[-48.12578,-15.94744],[-48.12568,-15.94699],[-48.12643,-15.94695],[-48.12669,-15.94601],[-48.12632,-15.94573],[-48.12673,-15.94528],[-48.12696,-15.94401],[-48.12656,-15.94342],[-48.12681,-15.94281],[-48.12669,-15.94221],[-48.1275,-15.94275],[-48.1285,-15.94248],[-48.13065,-15.94278],[-48.13339,-15.94486],[-48.13451,-15.94521],[-48.1358,-15.94521],[-48.13793,-15.94472],[-48.13948,-15.94396],[-48.14081,-15.94374],[-48.14188,-15.94324],[-48.14348,-15.94305],[-48.14379,-15.94321],[-48.14459,-15.94298],[-48.14721,-15.94353],[-48.14885,-15.94484],[-48.15038,-15.94541],[-48.15157,-15.94635],[-48.15337,-15.94714],[-48.15357,-15.94394],[-48.15314,-15.93444],[-48.15339,-15.9338],[-48.15564,-15.93699],[-48.15679,-15.93713],[-48.15883,-15.93874],[-48.1601,-15.94017],[-48.16108,-15.94267],[-48.16294,-15.9456],[-48.16311,-15.94685],[-48.17278,-15.94627],[-48.17301,-15.94708],[-48.17628,-15.94626],[-48.17912,-15.94668],[-48.18172,-15.94594],[-48.18572,-15.94554],[-48.18707,-15.94573],[-48.18717,-15.94756],[-48.18657,-15.94956],[-48.18698,-15.95199],[-48.18693,-15.95343],[-48.18841,-15.95615],[-48.18851,-15.95685],[-48.19103,-15.95998],[-48.19178,-15.96032],[-48.19206,-15.96071],[-48.19176,-15.96098],[-48.19197,-15.96152],[-48.1924,-15.96152],[-48.19257,-15.96284],[-48.19235,-15.96314],[-48.19313,-15.9639],[-48.19373,-15.96388],[-48.1942,-15.9631],[-48.19469,-15.96323],[-48.19556,-15.96269],[-48.19858,-15.96398],[-48.19922,-15.96343],[-48.19976,-15.96349],[-48.20002,-15.96259],[-48.20069,-15.96227],[-48.20167,-15.96313],[-48.20331,-15.96333],[-48.20472,-15.96425],[-48.2056,-15.96437],[-48.20595,-15.96414],[-48.20629,-15.96468],[-48.20671,-15.96434],[-48.20695,-15.96476],[-48.20741,-15.96461],[-48.20803,-15.96505],[-48.20889,-15.96523],[-48.20943,-15.96487],[-48.21114,-15.96515],[-48.21161,-15.96582],[-48.21231,-15.96621],[-48.21289,-15.96588],[-48.21384,-15.96595],[-48.21471,-15.96734],[-48.21597,-15.96749],[-48.21613,-15.96794],[-48.21698,-15.96798],[-48.21701,-15.96844],[-48.21795,-15.96835],[-48.21787,-15.96896],[-48.21837,-15.96913],[-48.21853,-15.96952],[-48.21903,-15.96904],[-48.21989,-15.9697],[-48.22074,-15.96944],[-48.22147,-15.97065],[-48.22249,-15.97036],[-48.22279,-15.9707],[-48.22315,-15.97072],[-48.22358,-15.97034],[-48.22351,-15.96989],[-48.22387,-15.96978],[-48.22474,-15.97013],[-48.22459,-15.97081],[-48.22521,-15.97133],[-48.22596,-15.97085],[-48.22644,-15.97147],[-48.22691,-15.97096],[-48.22852,-15.97124],[-48.22948,-15.97049],[-48.23042,-15.97105],[-48.23106,-15.97105],[-48.23145,-15.97158],[-48.23262,-15.97197],[-48.23307,-15.97173],[-48.23348,-15.97202],[-48.2346,-15.97182],[-48.23518,-15.9722],[-48.23584,-15.97188],[-48.23691,-15.97235],[-48.23817,-15.97256],[-48.23845,-15.97176],[-48.23905,-15.97182],[-48.2396,-15.97101],[-48.24022,-15.97084],[-48.24038,-15.97112],[-48.23997,-15.97185],[-48.24095,-15.97198],[-48.24121,-15.97166],[-48.24152,-15.97212],[-48.24281,-15.97257],[-48.2432,-15.97305],[-48.24358,-15.97281],[-48.24446,-15.97332],[-48.2447,-15.97271],[-48.24549,-15.9723],[-48.24609,-15.97232],[-48.24566,-15.97324],[-48.24608,-15.97331],[-48.24604,-15.97369],[-48.24659,-15.97394],[-48.24637,-15.97438],[-48.24699,-15.97454],[-48.247,-15.97511],[-48.24732,-15.97563],[-48.24834,-15.97551],[-48.24847,-15.97577],[-48.24927,-15.9755],[-48.2507,-15.97585],[-48.25142,-15.97567],[-48.25177,-15.97612],[-48.25347,-15.97588],[-48.25394,-15.97622],[-48.25336,-15.97644],[-48.25379,-15.97725],[-48.2544,-15.97702],[-48.25526,-15.97731],[-48.2565,-15.9771],[-48.25797,-15.97772],[-48.25851,-15.97724],[-48.25873,-15.97734],[-48.2593,-15.97841],[-48.26037,-15.97869],[-48.26064,-15.97914],[-48.26003,-15.98014],[-48.25887,-15.98027],[-48.2586,-15.98053],[-48.25843,-15.98132],[-48.25912,-15.98232],[-48.25821,-15.98312],[-48.2582,-15.98339],[-48.25914,-15.98388],[-48.25937,-15.98459],[-48.26163,-15.98523],[-48.26286,-15.98878],[-48.26245,-15.98956],[-48.26164,-15.98939],[-48.26155,-15.98962],[-48.26288,-15.99183],[-48.26396,-15.99244],[-48.26265,-15.99431],[-48.26256,-15.99485],[-48.26405,-15.99634],[-48.26456,-15.99628],[-48.26539,-15.99664],[-48.26537,-15.9979],[-48.26606,-15.99857],[-48.26623,-16.00124],[-48.26656,-16.00143],[-48.26722,-16.00103],[-48.26759,-16.00106],[-48.26782,-16.00136],[-48.26776,-16.00192],[-48.26886,-16.00242],[-48.26999,-16.00393],[-48.26972,-16.00525],[-48.27049,-16.00624],[-48.27112,-16.00798],[-48.27243,-16.009],[-48.27141,-16.00962],[-48.27216,-16.01112],[-48.27224,-16.01324],[-48.27203,-16.01391],[-48.27117,-16.01458],[-48.27116,-16.01485],[-48.27175,-16.01528],[-48.27079,-16.01578],[-48.27012,-16.01661],[-48.26996,-16.01858],[-48.27063,-16.01982],[-48.27026,-16.02062],[-48.27031,-16.02134],[-48.26983,-16.02216],[-48.27107,-16.02356],[-48.27224,-16.0237],[-48.27252,-16.024],[-48.27246,-16.02461],[-48.27148,-16.02475],[-48.27121,-16.02517],[-48.27218,-16.02562],[-48.27136,-16.02722],[-48.27218,-16.02757],[-48.27235,-16.02901],[-48.27264,-16.02932],[-48.27298,-16.03063],[-48.2719,-16.03148],[-48.27185,-16.03176],[-48.27287,-16.03241],[-48.27312,-16.03307],[-48.2736,-16.03337],[-48.27412,-16.03423],[-48.27409,-16.03485],[-48.2733,-16.03521],[-48.27339,-16.03565],[-48.27558,-16.0366],[-48.27714,-16.0391],[-48.27686,-16.04097],[-48.27752,-16.04138],[-48.27829,-16.04132],[-48.27861,-16.0417],[-48.27861,-16.04206],[-48.27743,-16.04404],[-48.27773,-16.04443],[-48.27869,-16.0447],[-48.27773,-16.04715],[-48.27784,-16.04783],[-48.27744,-16.04909],[-48.27778,-16.04959],[-48.0486,-16.05009],[-48.04296,-16.043],[-48.04712,-16.0374],[-48.04816,-16.03647],[-48.04949,-16.03597],[-48.05072,-16.03591],[-48.05201,-16.0363],[-48.05405,-16.03747],[-48.05408,-16.03711],[-48.05335,-16.03557],[-48.05159,-16.03311],[-48.05084,-16.03091],[-48.04952,-16.02989],[-48.04928,-16.02921],[-48.04949,-16.02857],[-48.04915,-16.02836],[-48.04922,-16.02759],[-48.04883,-16.02721],[-48.04806,-16.02703],[-48.04783,-16.0256],[-48.0465,-16.02398],[-48.04597,-16.02272],[-48.0456,-16.02078],[-48.04505,-16.02022],[-48.04366,-16.01949],[-48.04298,-16.01986],[-48.04198,-16.01963],[-48.04056,-16.02032],[-48.04002,-16.01999],[-48.03955,-16.02002],[-48.03953,-16.01971],[-48.03816,-16.01887],[-48.03803,-16.01841],[-48.03744,-16.01792],[-48.03643,-16.01744],[-48.03515,-16.01602],[-48.03457,-16.01591],[-48.0335,-16.01479],[-48.0324,-16.01429],[-48.03142,-16.01277],[-48.03026,-16.01187],[-48.03009,-16.01198],[-48.02925,-16.01067],[-48.02819,-16.01021],[-48.02819,-16.00972],[-48.02779,-16.00957],[-48.02757,-16.009],[-48.02648,-16.00848],[-48.02587,-16.00848],[-48.02301,-16.00613],[-48.0215,-16.00514],[-48.02112,-16.00521],[-48.02073,-16.0041],[-48.01915,-16.00311],[-48.01894,-16.00277],[-48.01799,-16.00266],[-48.01776,-16.0017],[-48.01617,-16.00022],[-48.01571,-16.00015],[-48.01499,-15.9995],[-48.01401,-15.99926],[-48.01345,-15.99864],[-48.01327,-15.99796],[-48.01245,-15.99775],[-48.01231,-15.99743],[-48.01153,-15.99705],[-48.01062,-15.99289],[-48.00946,-15.99024],[-48.00709,-15.9862],[-48.00453,-15.97783],[-48.00907,-15.9764],[-48.0131,-15.97407],[-48.01597,-15.97154],[-48.02072,-15.96614],[-48.04794,-15.9905],[-48.04901,-15.98973],[-48.05544,-15.99283],[-48.06624,-15.99332],[-48.06579,-15.99403],[-48.0764,-15.99802],[-48.07718,-15.99909],[-48.07635,-15.99991],[-48.07704,-16.00012],[-48.07867,-16.00148],[-48.07939,-16.00137],[-48.08188,-16.0032],[-48.08281,-16.00346],[-48.08317,-16.00382],[-48.08487,-16.00432],[-48.08614,-16.00438],[-48.08723,-16.00481],[-48.0885,-16.00467],[-48.08965,-16.00522],[-48.09013,-16.00574],[-48.09083,-16.0056],[-48.09106,-16.00592],[-48.0919,-16.00612],[-48.09365,-16.0075],[-48.09454,-16.00737],[-48.09466,-16.00768],[-48.09531,-16.00777],[-48.09644,-16.00843],[-48.09742,-16.00838],[-48.09865,-16.00892],[-48.0989,-16.00874],[-48.09915,-16.00918],[-48.09969,-16.00917],[-48.09996,-16.00961],[-48.10109,-16.00978],[-48.10202,-16.00951],[-48.10227,-16.00975],[-48.10315,-16.0096],[-48.10462,-16.00888],[-48.1051,-16.00835],[-48.10629,-16.00835],[-48.10699,-16.00766],[-48.10719,-16.00781],[-48.10798,-16.00723],[-48.1091,-16.00701],[-48.10926,-16.00658],[-48.1104,-16.00635],[-48.1109,-16.00648],[-48.1102,-16.0048],[-48.1102,-16.00381],[-48.11041,-16.00348],[-48.10977,-16.00287],[-48.1102,-16.0028],[-48.1103,-16.00255],[-48.10995,-16.00223],[-48.10948,-16.00233],[-48.10951,-16.00184],[-48.1096,-16.00144],[-48.11023,-16.00132],[-48.11102,-16.00079],[-48.10996,-16.00018],[-48.10996,-15.9996],[-48.11013,-15.99945],[-48.11038,-15.99967],[-48.11074,-15.99929],[-48.11108,-15.99961],[-48.11173,-15.99808],[-48.11154,-15.99713],[-48.1123,-15.99733],[-48.1119,-15.99586],[-48.11323,-15.99608],[-48.11361,-15.99559],[-48.11338,-15.99486],[-48.11434,-15.99442],[-48.11335,-15.99392],[-48.11388,-15.99328],[-48.11403,-15.9925],[-48.11466,-15.9921],[-48.11449,-15.99163],[-48.11512,-15.99117],[-48.11475,-15.99116],[-48.11445,-15.99049],[-48.1144,-15.98955],[-48.11386,-15.98929],[-48.11456,-15.98835],[-48.11421,-15.98733],[-48.11483,-15.98754],[-48.11497,-15.98692],[-48.11543,-15.98702],[-48.11521,-15.98665],[-48.11518,-15.98554],[-48.11479,-15.98527],[-48.11519,-15.98411],[-48.11542,-15.98404],[-48.11567,-15.98431],[-48.1159,-15.98417],[-48.11598,-15.98324],[-48.11567,-15.9826],[-48.11613,-15.98235],[-48.11622,-15.98181],[-48.11653,-15.98155],[-48.1162,-15.98095],[-48.11635,-15.98049],[-48.11595,-15.97945],[-48.11653,-15.97932],[-48.11674,-15.97894],[-48.11706,-15.97904],[-48.11694,-15.97832],[-48.11752,-15.9774],[-48.11741,-15.97694],[-48.118,-15.9764],[-48.11752,-15.97504],[-48.11851,-15.97386],[-48.11841,-15.97337],[-48.11892,-15.97288],[-48.11877,-15.97247],[-48.11905,-15.97211],[-48.11898,-15.97181],[-48.1194,-15.97161],[-48.12048,-15.97005],[-48.12091,-15.96979],[-48.12079,-15.96907],[-48.12209,-15.96875],[-48.12184,-15.96807],[-48.12223,-15.9676],[-48.12195,-15.96698],[-48.12251,-15.96651],[-48.12257,-15.966],[-48.12406,-15.96587],[-48.12383,-15.96502],[-48.12312,-15.96468],[-48.12294,-15.964],[-48.12342,-15.9642],[-48.12335,-15.96303],[-48.12315,-15.96283],[-48.12307,-15.96305],[-48.12289,-15.96296],[-48.12225,-15.96132],[-48.12275,-15.96029],[-48.12257,-15.96002],[-48.12185,-15.95981],[-48.12196,-15.95903],[-48.12256,-15.95906],[-48.12287,-15.95818],[-48.1225,-15.9564],[-48.12208,-15.95568]]]},"properties":{"ra_nome":"GAMA","ra_codigo":"RA-II"}},{"type":"Feature","geometry":{"type":"Polygon","coordinates":[[[-48.02072,-15.96614],[-48.03822,-15.94543],[-48.04074,-15.94919],[-48.04225,-15.95058],[-48.04393,-15.95165],[-48.04849,-15.95316],[-48.05077,-15.9533],[-48.05278,-15.953],[-48.05481,-15.95225],[-48.06155,-15.94812],[-48.06249,-15.94779],[-48.0759,-15.93941],[-48.07794,-15.93878],[-48.0797,-15.93903],[-48.08081,-15.93966],[-48.08283,-15.94168],[-48.09125,-15.93503],[-48.09135,-15.93447],[-48.09215,-15.93352],[-48.09437,-15.93225],[-48.09583,-15.93288],[-48.09633,-15.93286],[-48.09657,-15.93343],[-48.09831,-15.93442],[-48.09888,-15.93522],[-48.09986,-15.93555],[-48.10113,-15.93682],[-48.10218,-15.93724],[-48.10352,-15.94031],[-48.10327,-15.94102],[-48.1038,-15.94199],[-48.10509,-15.94294],[-48.10552,-15.94438],[-48.10596,-15.94425],[-48.10645,-15.9446],[-48.10731,-15.94666],[-48.10819,-15.94705],[-48.10821,-15.94741],[-48.10879,-15.94782],[-48.10907,-15.94857],[-48.11075,-15.94966],[-48.11199,-15.95131],[-48.11271,-15.95159],[-48.11425,-15.95113],[-48.1151,-15.95203],[-48.11602,-15.95209],[-48.11579,-15.95249],[-48.11625,-15.95238],[-48.11611,-15.95282],[-48.11637,-15.95298],[-48.11676,-15.95259],[-48.11728,-15.9531],[-48.11733,-15.9527],[-48.11882,-15.95375],[-48.12007,-15.95368],[-48.12017,-15.95397],[-48.11978,-15.954],[-48.12026,-15.95476],[-48.12118,-15.95472],[-48.12118,-15.95535],[-48.12171,-15.95537],[-48.12208,-15.95568],[-48.1225,-15.9564],[-48.12287,-15.95818],[-48.12256,-15.95906],[-48.12196,-15.95903],[-48.12185,-15.95981],[-48.12257,-15.96002],[-48.12275,-15.96029],[-48.12225,-15.96132],[-48.12289,-15.96296],[-48.12307,-15.96305],[-48.12315,-15.96283],[-48.12335,-15.96303],[-48.12342,-15.9642],[-48.12294,-15.964],[-48.12312,-15.96468],[-48.12383,-15.96502],[-48.12407,-15.96578],[-48.12257,-15.966],[-48.12251,-15.96651],[-48.12195,-15.96698],[-48.12223,-15.9676],[-48.12184,-15.96807],[-48.12209,-15.96875],[-48.12079,-15.96907],[-48.12091,-15.96979],[-48.12048,-15.97005],[-48.1194,-15.97161],[-48.11898,-15.97181],[-48.11905,-15.97211],[-48.11877,-15.97247],[-48.11892,-15.97288],[-48.11841,-15.97337],[-48.11851,-15.97386],[-48.11752,-15.97504],[-48.118,-15.9764],[-48.11741,-15.97694],[-48.11752,-15.9774],[-48.11694,-15.97832],[-48.11706,-15.97904],[-48.11674,-15.97894],[-48.11653,-15.97932],[-48.11595,-15.97945],[-48.11635,-15.98049],[-48.1162,-15.98095],[-48.11653,-15.98155],[-48.11622,-15.98181],[-48.11613,-15.98235],[-48.11567,-15.9826],[-48.11598,-15.98324],[-48.1159,-15.98417],[-48.11567,-15.98431],[-48.11542,-15.98404],[-48.11519,-15.98411],[-48.11479,-15.98527],[-48.11518,-15.98554],[-48.11521,-15.98665],[-48.11543,-15.98702],[-48.11497,-15.98692],[-48.11483,-15.98754],[-48.11421,-15.98733],[-48.11456,-15.98835],[-48.11386,-15.98929],[-48.1144,-15.98955],[-48.11445,-15.99049],[-48.11475,-15.99116],[-48.11512,-15.99117],[-48.11449,-15.99163],[-48.11466,-15.9921],[-48.11403,-15.9925],[-48.11388,-15.99328],[-48.11335,-15.99392],[-48.11434,-15.99442],[-48.11338,-15.99486],[-48.11361,-15.99559],[-48.11323,-15.99608],[-48.1119,-15.99586],[-48.1123,-15.99733],[-48.11154,-15.99713],[-48.11173,-15.99808],[-48.11108,-15.99961],[-48.11074,-15.99929],[-48.11038,-15.99967],[-48.11013,-15.99945],[-48.10996,-15.9996],[-48.10996,-16.00018],[-48.11102,-16.00079],[-48.11023,-16.00132],[-48.1096,-16.00144],[-48.10951,-16.00184],[-48.10948,-16.00233],[-48.10995,-16.00223],[-48.1103,-16.00255],[-48.1102,-16.0028],[-48.10977,-16.00287],[-48.11041,-16.00348],[-48.1102,-16.00381],[-48.1102,-16.0048],[-48.1109,-16.00648],[-48.1104,-16.00635],[-48.10926,-16.00658],[-48.1091,-16.00701],[-48.10798,-16.00723],[-48.10719,-16.00781],[-48.10699,-16.00766],[-48.10629,-16.00835],[-48.1051,-16.00835],[-48.10462,-16.00888],[-48.10315,-16.0096],[-48.10227,-16.00975],[-48.10202,-16.00951],[-48.10109,-16.00978],[-48.09987,-16.00958],[-48.09969,-16.00917],[-48.09915,-16.00918],[-48.0989,-16.00874],[-48.09865,-16.00892],[-48.09742,-16.00838],[-48.09644,-16.00843],[-48.09531,-16.00777],[-48.09466,-16.00768],[-48.09454,-16.00737],[-48.09365,-16.0075],[-48.0919,-16.00612],[-48.09106,-16.00592],[-48.09083,-16.0056],[-48.09013,-16.00574],[-48.08965,-16.00522],[-48.0885,-16.00467],[-48.08723,-16.00481],[-48.08614,-16.00438],[-48.08487,-16.00432],[-48.08317,-16.00382],[-48.08281,-16.00346],[-48.08188,-16.0032],[-48.07939,-16.00137],[-48.07867,-16.00148],[-48.07704,-16.00012],[-48.07635,-15.99991],[-48.07718,-15.99909],[-48.0764,-15.99802],[-48.06579,-15.99403],[-48.06624,-15.99332],[-48.05544,-15.99283],[-48.04901,-15.98973],[-48.04794,-15.9905],[-48.02072,-15.96614]]]},"properties":{"ra_nome":"PONTE ALTA","ra_codigo":"XXXVII"}},{"type":"Feature","geometry":{"type":"Polygon","coordinates":[[[-48.00302,-15.78625],[-48.00312,-15.78555],[-48.00416,-15.78457],[-48.00397,-15.78377],[-48.00413,-15.78297],[-48.00589,-15.77956],[-48.00583,-15.77839],[-48.00614,-15.77834],[-48.00607,-15.77632],[-48.0065,-15.77623],[-48.00676,-15.77507],[-48.00647,-15.77463],[-48.00679,-15.77364],[-48.00634,-15.7728],[-48.00613,-15.77062],[-48.0062,-15.77008],[-48.00677,-15.7692],[-48.00656,-15.76616],[-48.00727,-15.76491],[-48.0071,-15.76391],[-48.00725,-15.76296],[-48.0071,-15.76229],[-48.00658,-15.76156],[-48.00682,-15.76092],[-48.00616,-15.75919],[-48.00544,-15.75903],[-48.00518,-15.75855],[-48.00473,-15.75475],[-48.00691,-15.7539],[-48.01719,-15.75156],[-48.04762,-15.75371],[-48.04598,-15.75814],[-48.04503,-15.76293],[-48.04487,-15.76747],[-48.04543,-15.77203],[-48.04192,-15.7714],[-48.03964,-15.77184],[-48.04192,-15.78217],[-48.03918,-15.78168],[-48.03909,-15.7851],[-48.03617,-15.78427],[-48.03549,-15.78343],[-48.03235,-15.78232],[-48.03085,-15.7825],[-48.02782,-15.78224],[-48.02662,-15.7825],[-48.02442,-15.78213],[-48.02073,-15.7829],[-48.02049,-15.78248],[-48.01966,-15.78258],[-48.01874,-15.7833],[-48.01845,-15.78291],[-48.01637,-15.78215],[-48.01286,-15.78403],[-48.01143,-15.78575],[-48.01099,-15.78741],[-48.00747,-15.78672],[-48.00302,-15.78625]]]},"properties":{"ra_nome":"26 DE SETEMBRO","ra_codigo":"RA-XXXVI"}}]}